post_id,title,author,score,upvote_ratio,num_comments,url,permalink,flair,is_video,created_utc,created_local,selftext_preview
1udqzm5,"Match Thread: England vs Ghana | FIFA World Cup 2026 | Group Stage, Group L",jiraiya--an,120,0.94,5872,https://old.reddit.com/r/soccer/comments/1udqzm5/match_thread_england_vs_ghana_fifa_world_cup_2026/,https://reddit.com/r/soccer/comments/1udqzm5/match_thread_england_vs_ghana_fifa_world_cup_2026/,:n_ball: Match Thread,False,2026-06-23T19:30:08+00:00,2026-06-23T15:30:08-04:00,# 45'+7': England 0 - 0 Ghana  ---  *Desktop note: best viewed on [old.reddit](https://old.reddit.com/r/soccer/comments/1udqzm5/match_thread_england_vs_ghana_fifa_world_cup_2026/).*  | Info | Details 
1ud5bf4,Daily Discussion,2soccer2bot,36,0.89,1767,https://old.reddit.com/r/soccer/comments/1ud5bf4/daily_discussion/,https://reddit.com/r/soccer/comments/1ud5bf4/daily_discussion/,:n_discussion: Daily Discussion,False,2026-06-23T03:00:34+00:00,2026-06-22T23:00:34-04:00,"# Welcome to the [r/soccer](https://old.reddit.com/r/soccer) Daily Discussion!  # If you're new to the subreddit, remember to get your team badge [here](https://www.reddit.com/r/soccer/wiki/flair/) an"
1udq88s,Cristiano Ronaldo shouts at camera “IM BACK” after post game,BurgerNugget12,7298,0.95,1289,https://v.redd.it/wk42zpdjy29h1,https://reddit.com/r/soccer/comments/1udq88s/cristiano_ronaldo_shouts_at_camera_im_back_after/,:n_media: Match Clip,True,2026-06-23T19:02:42+00:00,2026-06-23T15:02:42-04:00,
1udn07p,Portugal [1] - 0 Uzbekistan - Cristiano Ronaldo goal 6',Ihattaren,8604,0.95,1290,https://dropr.co/v/c38111b3,https://reddit.com/r/soccer/comments/1udn07p/portugal_1_0_uzbekistan_cristiano_ronaldo_goal_6/,:n_goal: Goal Clip,False,2026-06-23T17:06:04+00:00,2026-06-23T13:06:04-04:00,
1udnw0d,Portugal [3] - 0 Uzbekistan - Cristiano Ronaldo 39',West_Agent4651,7145,0.96,1239,https://streamff.pro/v/7dd64e27,https://reddit.com/r/soccer/comments/1udnw0d/portugal_3_0_uzbekistan_cristiano_ronaldo_39/,:n_goal: Goal Clip,False,2026-06-23T17:38:23+00:00,2026-06-23T13:38:23-04:00,
1udn141,"Cristiano Ronaldo becomes the first player to score a goal in six different FIFA World Cup editions (2006, 2010, 2014, 2018, 2022 & 2026).",Timely-Zombie9466,7306,0.96,820,https://www.transfermarkt.us/cristiano-ronaldo/nationalmannschaft/spieler/8198/verein/3300/wettbewerb/FIWC/spiel/2,https://reddit.com/r/soccer/comments/1udn141/cristiano_ronaldo_becomes_the_first_player_to/,:n_stats: Stats,False,2026-06-23T17:06:56+00:00,2026-06-23T13:06:56-04:00,
1udnan9,Portugal [2] - 0 Uzbekistan - Nuno Mendes 17',West_Agent4651,4036,0.99,772,https://streamff.pro/v/9195167e,https://reddit.com/r/soccer/comments/1udnan9/portugal_2_0_uzbekistan_nuno_mendes_17/,:n_great_goal: Great Goal,False,2026-06-23T17:16:40+00:00,2026-06-23T13:16:40-04:00,
1udriqa,"[RMC Sport]: Didier Deschamps has departed from the French squad in the US after the FFF announced his mother's death, missing the 26 June 2026 World Cup Group I match against Norway in Boston.",TrenAt14,2430,1.0,109,https://archive.ph/1pN4z,https://reddit.com/r/soccer/comments/1udriqa/rmc_sport_didier_deschamps_has_departed_from_the/,:n_paper: News,False,2026-06-23T19:49:48+00:00,2026-06-23T15:49:48-04:00,
1udoj35,[ESPN FC] The longest time EVER between a player's first and latest World Cup goal: Ronaldo: 20 years and 11 days; Messi: 20 years and 11 days.,poisonedbythemind,3183,0.99,183,https://bsky.app/profile/espnfc-m.bsky.social/post/3moxxv5attc2j,https://reddit.com/r/soccer/comments/1udoj35/espn_fc_the_longest_time_ever_between_a_players/,:n_stats: Stats,False,2026-06-23T18:01:08+00:00,2026-06-23T14:01:08-04:00,
1udnwvd,"Cristiano Ronaldo becomes Portugal's all-time leading goalscorer in FIFA World Cup history, scoring his 10th World Cup goal (24 games) surpassing Eusébio's record of 9 (6 games).",Timely-Zombie9466,3017,0.96,246,https://www.transfermarkt.us/portugal/toptorschuetzen/verein/3300/plus/0/galerie/0?wettbewerb_id=FIWC&position=alle&detailposition=alle,https://reddit.com/r/soccer/comments/1udnwvd/cristiano_ronaldo_becomes_portugals_alltime/,:n_stats: Stats,False,2026-06-23T17:39:13+00:00,2026-06-23T13:39:13-04:00,
1udscgx,Djed Spence avoids shaking Thomas Partey’s hand,getrektmeight,1687,0.96,287,https://v.redd.it/sq5d803kc39h1,https://reddit.com/r/soccer/comments/1udscgx/djed_spence_avoids_shaking_thomas_parteys_hand/,:n_media: Media,True,2026-06-23T20:20:57+00:00,2026-06-23T16:20:57-04:00,Man of principles
1udqa43,Khusanov in tears after 5-0 defeat to Portugal,977x,1992,0.99,171,https://v.redd.it/vgg2uwyty29h1,https://reddit.com/r/soccer/comments/1udqa43/khusanov_in_tears_after_50_defeat_to_portugal/,:n_media: Match Clip,True,2026-06-23T19:04:34+00:00,2026-06-23T15:04:34-04:00,
1udl7cq,[The Times] Fifa wants to change the rules on penalty shoot-outs before the knockout rounds start at this World Cup so that a team either choose to take the first spot kick or to do it in front of their own fans,PitchSafe,3242,0.99,376,https://www.thetimes.com/sport/football/world-cup/article/fifa-penalty-shoot-outs-knockouts-cmgw6g2cs?utm_medium=Social&utm_page=Sport&utm_source=Twitter#Echobox=1782229828,https://reddit.com/r/soccer/comments/1udl7cq/the_times_fifa_wants_to_change_the_rules_on/,:n_paper: News,False,2026-06-23T16:00:56+00:00,2026-06-23T12:00:56-04:00,
1ude9je,French NT making a young mascot's day,ahuangb,8322,0.99,175,https://v.redd.it/1y0u7zq0n09h1,https://reddit.com/r/soccer/comments/1ude9je/french_nt_making_a_young_mascots_day/,:n_media: Media,True,2026-06-23T11:15:34+00:00,2026-06-23T07:15:34-04:00,
1udnolr,Uzbekistan disallowed goal against Portugal 30',West_Agent4651,1875,0.98,324,https://streamff.pro/v/78c14a32,https://reddit.com/r/soccer/comments/1udnolr/uzbekistan_disallowed_goal_against_portugal_30/,:n_media: Match Clip,False,2026-06-23T17:30:53+00:00,2026-06-23T13:30:53-04:00,
1udowlv,"As requested, the full clip of Iraqi and French NT making a mascot's day",ahuangb,1587,0.99,54,https://v.redd.it/6err3hkzp29h1,https://reddit.com/r/soccer/comments/1udowlv/as_requested_the_full_clip_of_iraqi_and_french_nt/,:n_media: Media,True,2026-06-23T18:14:41+00:00,2026-06-23T14:14:41-04:00,
1udpdti,A high angle view of the Norway fan Viking row during their match against Senegal,AustraliaOutback,1403,0.97,60,https://v.redd.it/7jlqh7h2t29h1,https://reddit.com/r/soccer/comments/1udpdti/a_high_angle_view_of_the_norway_fan_viking_row/,:n_media: Match Clip,True,2026-06-23T18:31:47+00:00,2026-06-23T14:31:47-04:00,
1udpwqw,Portugal [5] - 0 Uzbekistan - Rafael Leão 87',West_Agent4651,1249,0.98,200,https://streamff.pro/v/6266eb07,https://reddit.com/r/soccer/comments/1udpwqw/portugal_5_0_uzbekistan_rafael_leão_87/,:n_goal: Goal Clip,False,2026-06-23T18:51:00+00:00,2026-06-23T14:51:00-04:00,
1udjosm,"Jordan left traditional sweets, a thank-you note and the facility spotless after their game against Algeria. Despite losing a heartbreaker, they’re making sure to leave an impact in their first-ever World Cup (via @fifa)",Boudi04,2396,0.98,120,https://v.redd.it/40bvlkv8s19h1,https://reddit.com/r/soccer/comments/1udjosm/jordan_left_traditional_sweets_a_thankyou_note/,:n_media: Media,True,2026-06-23T15:05:19+00:00,2026-06-23T11:05:19-04:00,
1udqyce,[TBS News] Luka Modric set to become only the fourth man to reach 200 caps,mrjohnnymac18,898,0.99,43,https://www.tbsnews.net/sports/football/modric-set-200th-cap-croatia-captain-nears-historic-milestone-1470536,https://reddit.com/r/soccer/comments/1udqyce/tbs_news_luka_modric_set_to_become_only_the/,:n_paper: News,False,2026-06-23T19:28:51+00:00,2026-06-23T15:28:51-04:00,
1udsowd,Loud boos in the match between England and Ghana as the referee blows for the first hydration break,977x,725,0.99,97,https://v.redd.it/p3cjww9oe39h1,https://reddit.com/r/soccer/comments/1udsowd/loud_boos_in_the_match_between_england_and_ghana/,:n_media: Match Clip,True,2026-06-23T20:33:57+00:00,2026-06-23T16:33:57-04:00,
1udo9s6,Cristiano Ronaldo chance against Uzbekistan 45+6',977x,1077,0.95,261,https://streamin.link/v/95adf7da,https://reddit.com/r/soccer/comments/1udo9s6/cristiano_ronaldo_chance_against_uzbekistan_456/,:n_media: Match Clip,False,2026-06-23T17:52:00+00:00,2026-06-23T13:52:00-04:00,
1udoquy,Kid wearing a mashup of various kits from teams Cristiano Ronaldo has played for celebrates the ultimately disallowed Uzbekistan goal,TheBlueTango,991,0.94,117,https://v.redd.it/2nt4srdyo29h1,https://reddit.com/r/soccer/comments/1udoquy/kid_wearing_a_mashup_of_various_kits_from_teams/,:n_media: Match Clip,True,2026-06-23T18:08:57+00:00,2026-06-23T14:08:57-04:00,
1udp667,Portugal [4] - 0 Uzbekistan - Abdukodir Khusanov (own goal) 60‎'‎,West_Agent4651,929,0.98,182,https://streamff.pro/v/0cb553d8,https://reddit.com/r/soccer/comments/1udp667/portugal_4_0_uzbekistan_abdukodir_khusanov_own/,:n_goal: Goal Clip,False,2026-06-23T18:24:08+00:00,2026-06-23T14:24:08-04:00,
1udg4kr,"[Sky Sports] Real Madrid will activate their buy-back clause for Nico Paz at €10M in the next few days. After that, the club values him at €60M.",ChiefLeef22,2152,0.98,346,https://sport.sky.it/calciomercato/video/2026/06/23/como-calciomercato-news-kaiki-milla-nico-paz-1107108,https://reddit.com/r/soccer/comments/1udg4kr/sky_sports_real_madrid_will_activate_their/,:n_transfer: Transfer News,False,2026-06-23T12:44:02+00:00,2026-06-23T08:44:02-04:00,
1udn9d2,"22 years and 183 days: Cristiano Ronaldo and Bekhrouz Karimov broke the World Cup record for biggest age difference between 2 rival players. Roger Milla and Beschastnykh (21y, 321d) were holding this record since 1994.",MERTENS_GOAT,829,0.95,64,https://www.lequipe.fr/Football/Actualites/22-ans-et-183-jours-les-separent-cristiano-ronaldo-et-bekhrouz-karimov-se-partagent-un-record-a-la-coupe-du-monde/1697652,https://reddit.com/r/soccer/comments/1udn9d2/22_years_and_183_days_cristiano_ronaldo_and/,:n_paper: Translated News,False,2026-06-23T17:15:20+00:00,2026-06-23T13:15:20-04:00,
1udq4uw,Cristiano Ronaldo chance against Uzbekistan 90+5',West_Agent4651,555,0.94,97,https://streamff.pro/v/31652f50,https://reddit.com/r/soccer/comments/1udq4uw/cristiano_ronaldo_chance_against_uzbekistan_905/,:n_media: Match Clip,False,2026-06-23T18:59:28+00:00,2026-06-23T14:59:28-04:00,
1ud4556,Norway players and fans doing Viking Row,Gato_Puro,21124,0.98,594,https://v.redd.it/5sp99un3xx8h1,https://reddit.com/r/soccer/comments/1ud4556/norway_players_and_fans_doing_viking_row/,:n_media: Match Clip,True,2026-06-23T02:05:28+00:00,2026-06-22T22:05:28-04:00,
1uds3l2,"After scoring twice against Uzbekistan, Ronaldo shuts down a reporter's question about Messi's recent two-goal performance",subwinds,424,0.89,290,https://v.redd.it/g3pklozfa39h1,https://reddit.com/r/soccer/comments/1uds3l2/after_scoring_twice_against_uzbekistan_ronaldo/,:n_media: Media,True,2026-06-23T20:11:39+00:00,2026-06-23T16:11:39-04:00,
1udf0wf,"[diarioas] Enzo Fernández is the chosen one for the midfield. Real Madrid has decided in recent hours to pursue the Argentine. Futhermore, the deal for Mateus Fernández has been ruled out because the 21-year-old prefers to go to Tottenham.",OkayFine101,1963,0.96,247,https://as.com/futbol/primera/enzo-fernandez-aparece-en-escena-f202606-n/,https://reddit.com/r/soccer/comments/1udf0wf/diarioas_enzo_fernández_is_the_chosen_one_for_the/,:n_paper: Translated News,False,2026-06-23T11:53:29+00:00,2026-06-23T07:53:29-04:00,
1udeeda,[WC2026 Day 12] All Goals with Scoring Nation Commentary,HOPSCROTCH,1967,0.99,96,https://v.redd.it/6rj4w5o9h09h1,https://reddit.com/r/soccer/comments/1udeeda/wc2026_day_12_all_goals_with_scoring_nation/,:n_media: Media,True,2026-06-23T11:22:28+00:00,2026-06-23T07:22:28-04:00,
1udj4ao,"[Metropoles] Cucurella's wife reports death threat after the player goes to Real Madrid. Several rival fans, especially from Barcelona, who considered the transaction as betrayal, criticized the player's departure to Real. The player was trained and made his professional debut in the Catalan club.",Wakanda-shit-is-that,1037,0.93,172,https://www.metropoles.com/esportes/esposa-de-cucurella-relata-ameaca-de-morte-apos-ida-do-jogador-ao-real,https://reddit.com/r/soccer/comments/1udj4ao/metropoles_cucurellas_wife_reports_death_threat/,:n_paper: News,False,2026-06-23T14:44:31+00:00,2026-06-23T10:44:31-04:00,
1udp4hs,Abduvakhid Nematov save against Portugal 57',West_Agent4651,524,0.99,130,https://streamff.pro/v/84e30c26,https://reddit.com/r/soccer/comments/1udp4hs/abduvakhid_nematov_save_against_portugal_57/,:n_media: Match Clip,False,2026-06-23T18:22:29+00:00,2026-06-23T14:22:29-04:00,
1udboz9,"[Fabrizio Romano] Endrick: “Ancelotti won’t do what’s best for Endrick, he won’t do what’s best for the fans... he’ll do what’s best for the team.”",SwimmingFireMen,2729,0.98,129,https://bsky.app/profile/fabrizioromano.yopro20.com/post/3morp5cgyjo2o,https://reddit.com/r/soccer/comments/1udboz9/fabrizio_romano_endrick_ancelotti_wont_do_whats/,:n_quotes: Quotes,False,2026-06-23T08:50:40+00:00,2026-06-23T04:50:40-04:00,
1udsmfw,[Mundo Deportivo] Atlético Madrid could choose to leave Julián Alvarez on the bench for the entire season if he continues to insist on a move. There would be no legal violation unless Alvarez was also excluded from training.,Goosedukee,295,0.97,124,https://www.mundodeportivo.com/futbol/atletico-madrid/20260623/1004198598/atletico-dejar-sentado-julian-toda-temporada.html,https://reddit.com/r/soccer/comments/1udsmfw/mundo_deportivo_atlético_madrid_could_choose_to/,:n_paper: Translated News,False,2026-06-23T20:31:21+00:00,2026-06-23T16:31:21-04:00,"In the case of staying as red and white, **Atlético de Madrid** could choose not to line him up for the entire season. And it will be endorsed for it from a regulatory point of view. First for the **L"
1udr5q7,"US eases restriction on Iran’s World Cup team, allowing travel 2 days before next match",AgeNovel3566,346,0.99,35,https://apnews.com/article/iran-world-cup-travel-20af86f0da8c29dd088ecdf4d2313b2e,https://reddit.com/r/soccer/comments/1udr5q7/us_eases_restriction_on_irans_world_cup_team/,:n_paper: News,False,2026-06-23T19:36:19+00:00,2026-06-23T15:36:19-04:00,
1ud5u5r,Messi’s touch in slow motion for his second goal,caliberon1,7367,0.96,379,https://v.redd.it/edfs922dby8h1,https://reddit.com/r/soccer/comments/1ud5u5r/messis_touch_in_slow_motion_for_his_second_goal/,:n_media: Match Clip,True,2026-06-23T03:25:22+00:00,2026-06-22T23:25:22-04:00,
1udlge1,[LaVanguardia] Agreement on a 5-year contract between Barcelona and Julian Alvarez.,h3june,621,0.92,187,https://www.lavanguardia.com/deportes/fc-barcelona/20260623/11573214/intrahistoria-paso-frente-julian-alvarez-fichar-barca-salir-atletico-de-madrid-denuncia.html,https://reddit.com/r/soccer/comments/1udlge1/lavanguardia_agreement_on_a_5year_contract/,:n_transfer: Transfer News,False,2026-06-23T16:09:56+00:00,2026-06-23T12:09:56-04:00,
1udohc0,"137 - There have been 137 goals scored in this year's FIFA World Cup (45 games), now the most ever in the group stages of a single edition of the finals, overtaking the 136 scored in 2014 (48 games).",Timely-Zombie9466,437,0.95,74,https://bsky.app/profile/optajoe.com/post/3moxxmqkahk26,https://reddit.com/r/soccer/comments/1udohc0/137_there_have_been_137_goals_scored_in_this/,:n_stats: Stats,False,2026-06-23T17:59:34+00:00,2026-06-23T13:59:34-04:00,
1ud64wk,"Erling Haaland: ""I couldn't care too much about playing [France]. ... They're probably going to win against us, they're probably going to win the whole tournament.""",AlchemistTheAlchemy,6558,0.99,352,https://v.redd.it/qq7x5bjzdy8h1,https://reddit.com/r/soccer/comments/1ud64wk/erling_haaland_i_couldnt_care_too_much_about/,:n_media: Media,True,2026-06-23T03:40:17+00:00,2026-06-22T23:40:17-04:00,
1udqv6j,Bruno's pass to leao against Uzbekistan,Boydcrowde,313,0.94,31,https://v.redd.it/3882hq8f239h1,https://reddit.com/r/soccer/comments/1udqv6j/brunos_pass_to_leao_against_uzbekistan/,:n_media: Media,True,2026-06-23T19:25:38+00:00,2026-06-23T15:25:38-04:00,
1udh91s,"The Norwegian fans marched up to The Royal Palace in the middle of the night, chanting, ""We’re going to wake the King up!""",No-Independent2522,857,0.97,59,https://v.redd.it/wdlm87nkb19h1,https://reddit.com/r/soccer/comments/1udh91s/the_norwegian_fans_marched_up_to_the_royal_palace/,:n_media: Media,True,2026-06-23T13:31:58+00:00,2026-06-23T09:31:58-04:00,Yes sunrise is before 4 AM and sunset  after 10PM during this time of year in Norway
1udpjwa,Abduvakhid Nematov save against Portugal 74',West_Agent4651,310,0.98,56,https://streamff.pro/v/b26f63a5,https://reddit.com/r/soccer/comments/1udpjwa/abduvakhid_nematov_save_against_portugal_74/,:n_media: Match Clip,False,2026-06-23T18:38:00+00:00,2026-06-23T14:38:00-04:00,
1ud7qgp,"[BBC] With the 2-1 loss to Algeria, Jordan are officially eliminated from the World Cup",Lacabloodclot9,3565,1.0,237,https://www.bbc.com/sport/football/live/ckg5n4wyzxnt,https://reddit.com/r/soccer/comments/1ud7qgp/bbc_with_the_21_loss_to_algeria_jordan_are/,:n_stats: Stats,False,2026-06-23T05:02:03+00:00,2026-06-23T01:02:03-04:00,
1ud43jd,"[BBC] following the 3-2 win over Senegal, Norway confirm their place in the knockouts for the first time since 1998",Lacabloodclot9,6431,0.99,261,https://www.bbc.com/sport/football/live/c3ey5pj14yxt,https://reddit.com/r/soccer/comments/1ud43jd/bbc_following_the_32_win_over_senegal_norway/,:n_stats: Stats,False,2026-06-23T02:03:23+00:00,2026-06-22T22:03:23-04:00,
1udbvyo,A Ligue 2 player had an accident when swimming in the Rhône and is brain dead,Senior_Fig7845,1632,0.98,116,https://www.bfmtv.com/meteo/canicule/video-canicule-un-joueur-de-football-de-ligue-2-s-est-noye-dans-le-rhone-il-est-actuellement-en-etat-de-mort-cerebrale_VN-202606230346.html,https://reddit.com/r/soccer/comments/1udbvyo/a_ligue_2_player_had_an_accident_when_swimming_in/,:n_paper: News,False,2026-06-23T09:02:02+00:00,2026-06-23T05:02:02-04:00,"(Video is French, here is rough English translation)  A young second-division soccer player was pulled from the Rhône River in critical condition after drowning late Monday afternoon in a no-swimming "
1udlw23,21-year-old Kenzo Kies has been identified as the Ligue 2 player who suffered brain death. Kies was a Lyon and St-Etienne academy product and currently plays for Guingamp.,Senior_Fig7845,413,0.98,34,https://i.redd.it/fol92it8529h1.jpeg,https://reddit.com/r/soccer/comments/1udlw23/21yearold_kenzo_kies_has_been_identified_as_the/,:n_paper: News,False,2026-06-23T16:25:21+00:00,2026-06-23T12:25:21-04:00,"The accident occurred when Kies and some friends went swimming in an area of the Rhône that has strong currents and often forms whirlpools. While Kies‘ friends were able to escape, Kies did not and wa"
1udq7ar,"Post Match Thread: Portugal 5 - 0 Uzbekistan | FIFA World Cup 2026 | Group Stage, Group K",jiraiya--an,253,0.98,539,https://old.reddit.com/r/soccer/comments/1udq7ar/post_match_thread_portugal_5_0_uzbekistan_fifa/,https://reddit.com/r/soccer/comments/1udq7ar/post_match_thread_portugal_5_0_uzbekistan_fifa/,:n_ball: Post-Match Thread,False,2026-06-23T19:01:42+00:00,2026-06-23T15:01:42-04:00,# FT: Portugal 5 - 0 Uzbekistan  ---  *Desktop note: best viewed on [old.reddit](https://old.reddit.com/r/soccer/comments/1udm0oo/match_thread_portugal_vs_uzbekistan_fifa_world/).*  | Info | Details |
1udljox,Every World Cup Goal so far,lJRI,421,0.98,48,https://i.redd.it/consuyca429h1.png,https://reddit.com/r/soccer/comments/1udljox/every_world_cup_goal_so_far/,:n_oc: OC,False,2026-06-23T16:13:11+00:00,2026-06-23T12:13:11-04:00,Here's a graph of all 134 goals scored in the World Cup so far.  Excited to see how it looks by the end of the tournament!
1udqvb5,[OptaAnalyst] Jude Bellingham Becomes Youngest England Player to Reach 50 Caps,977x,228,0.94,37,https://i.redd.it/qgppxy4d239h1.png,https://reddit.com/r/soccer/comments/1udqvb5/optaanalyst_jude_bellingham_becomes_youngest/,:n_stats: Stats,False,2026-06-23T19:25:45+00:00,2026-06-23T15:25:45-04:00,
1udoczv,World Cup 2026: Donald Trump to attend World Cup final and present winner,FastBrilliant1,300,0.72,373,https://www.bbc.co.uk/sport/football/articles/cze9wp8r6lno,https://reddit.com/r/soccer/comments/1udoczv/world_cup_2026_donald_trump_to_attend_world_cup/,:n_paper: News,False,2026-06-23T17:55:13+00:00,2026-06-23T13:55:13-04:00,Sorry everybody 
1ucxojo,"Zlatan Ibrahimović on Messi's World Cup: “Five goals in 2 games...I have zero goals in two World Cups, so, I'm happy for him and I hope he continues, his birthday is in a couple of days so let him enjoy, because we're all enjoying him by seeing him play so, amazing, just amazing, no words.""",razycal970,17546,0.98,358,https://v.redd.it/gvwoso2sjw8h1,https://reddit.com/r/soccer/comments/1ucxojo/zlatan_ibrahimović_on_messis_world_cup_five_goals/,:n_media: Media,True,2026-06-22T21:31:22+00:00,2026-06-22T17:31:22-04:00,
1udejp6,[Carlos Monfort] Barça are preparing a 130m bid for Julian Alvarez. The bid wont be imminent and they believe Julian’s stance will help them to negotiate.,ad1s6h,799,0.96,424,"https://www.sport.es/es/noticias/barca/postura-barca-julian-alvarez-optimismo-131712124?utm_medium=alerta&utm_source=indigitall&utm_content=La_postura_del_Bar%C3%A7a_con_Juli%C3%A1n_%C3%81lvarez:_optimismo_s%C3%AD,_euforia_noNoticias_de_PortadaVerResultadosJuegos&utm_campaign=notificaciones-app",https://reddit.com/r/soccer/comments/1udejp6/carlos_monfort_barça_are_preparing_a_130m_bid_for/,:n_paper: Translated News,False,2026-06-23T11:30:00+00:00,2026-06-23T07:30:00-04:00,
1udndt2,Official Announcement: Felicia Schröder [joins Real Madrid on a world record transfer],sandwichesareevil,273,0.84,57,https://www.realmadrid.com/en-US/news/club/announcements/comunicado-oficial-felicia-schroder-23-06-2026,https://reddit.com/r/soccer/comments/1udndt2/official_announcement_felicia_schröder_joins_real/,:n_women: Women's Football,False,2026-06-23T17:19:54+00:00,2026-06-23T13:19:54-04:00,
1ud4k0x,[FIFA] Teams qualified for FIFAWC RO32,Timely-Zombie9466,4173,0.99,273,https://i.redd.it/uilz985j0y8h1.jpeg,https://reddit.com/r/soccer/comments/1ud4k0x/fifa_teams_qualified_for_fifawc_ro32/,:n_stats: Stats,False,2026-06-23T02:24:39+00:00,2026-06-22T22:24:39-04:00,
1ud1168,Egypt's Mo Salah singing and dancing in the streets of Vancouver with fans and fellow teammates.,Itchy-Engineering440,6591,0.99,133,https://v.redd.it/iznzjq3g7x8h1,https://reddit.com/r/soccer/comments/1ud1168/egypts_mo_salah_singing_and_dancing_in_the/,:n_media: Media,True,2026-06-22T23:46:18+00:00,2026-06-22T19:46:18-04:00,
1uderxo,[CIES] OLDEST OUTFIELD PLAYERS LINED-UP FIFA WORLD CUP 2026,SimRP,671,0.97,88,https://i.redd.it/xc2cah6ur09h1.jpeg,https://reddit.com/r/soccer/comments/1uderxo/cies_oldest_outfield_players_linedup_fifa_world/,:n_stats: Stats,False,2026-06-23T11:41:15+00:00,2026-06-23T07:41:15-04:00,
1uddh0w,Fulham finalising deal to appoint Alvaro Arbeloa as head coach on three-year deal,notaghostofreddit,824,0.98,225,https://www.nytimes.com/athletic/7349548/2026/06/23/alvaro-arbeloa-fulham-manager-real-madrid/?source=athletic_user_shared_article_copylink&smid=url-share-ta,https://reddit.com/r/soccer/comments/1uddh0w/fulham_finalising_deal_to_appoint_alvaro_arbeloa/,:n_paper: News,False,2026-06-23T10:32:58+00:00,2026-06-23T06:32:58-04:00,
1udphe2,Oxford United Appoint Aaron Ramsey as Head Coach,fskari,178,0.97,17,https://www.oufc.co.uk/news/oxford-united-appoint-aaron-ramsey/,https://reddit.com/r/soccer/comments/1udphe2/oxford_united_appoint_aaron_ramsey_as_head_coach/,:n_official: Official Source,False,2026-06-23T18:35:25+00:00,2026-06-23T14:35:25-04:00,
1udp0uk,[David Ornstein] Arsenal now in club-to-club contact with Leicester City over deal for Jeremy Monga. No agreement yet but direct talks; all sides handling respectfully due to 16yo age. Many keen but only wanted AFC; plan to pay fair fee & avoid tribunal.,poisonedbythemind,176,0.93,68,https://www.nytimes.com/athletic/7205050/2026/06/23/jeremy-monga-arsenal-transfer-talks/,https://reddit.com/r/soccer/comments/1udp0uk/david_ornstein_arsenal_now_in_clubtoclub_contact/,:n_transfer: Transfer News,False,2026-06-23T18:18:48+00:00,2026-06-23T14:18:48-04:00,
1ud32me,Norway [3] - 1 Senegal - E. Haaland 58',eliseihado,3654,0.99,449,https://streamin.link/v/938bc831,https://reddit.com/r/soccer/comments/1ud32me/norway_3_1_senegal_e_haaland_58/,:n_goal: Goal Clip,False,2026-06-23T01:16:40+00:00,2026-06-22T21:16:40-04:00,
1udm0oo,"Match Thread: Portugal vs Uzbekistan | FIFA World Cup 2026 | Group Stage, Group K",jiraiya--an,215,0.96,11279,https://old.reddit.com/r/soccer/comments/1udm0oo/match_thread_portugal_vs_uzbekistan_fifa_world/,https://reddit.com/r/soccer/comments/1udm0oo/match_thread_portugal_vs_uzbekistan_fifa_world/,:n_ball: Match Thread,False,2026-06-23T16:30:08+00:00,2026-06-23T12:30:08-04:00,# FT: Portugal 5 - 0 Uzbekistan  ---  *Desktop note: best viewed on [old.reddit](https://old.reddit.com/r/soccer/comments/1udm0oo/match_thread_portugal_vs_uzbekistan_fifa_world/).*  | Info | Details |
1udru2i,Chelsea pursuit of Marco Palestra advancing at rapid pace. Agreement with Atalanta for 21yo wing-back expected inside 24hr. Italy int’l heavily leaning towards #CFC / Alonso project if deal struck between clubs + would fit wage structure,BEnnETT103,110,0.91,111,https://bsky.app/profile/david-ornstein.bsky.social/post/3moy5icbvpk25,https://reddit.com/r/soccer/comments/1udru2i/chelsea_pursuit_of_marco_palestra_advancing_at/,:n_transfer: Transfer News,False,2026-06-23T20:01:30+00:00,2026-06-23T16:01:30-04:00,
1udszxc,"Atleti CEO Gil Marin: I deeply regret Julián's words. It was not the day to make those statements. It was Messi’s day and Argentina’s day, not his.",Ballen_998,90,0.92,54,https://as.com/futbol/primera/el-atleti-denuncia-al-barca-nuestra-responsabilidad-es-defender-los-intereses-del-club-f202606-n/,https://reddit.com/r/soccer/comments/1udszxc/atleti_ceo_gil_marin_i_deeply_regret_juliáns/,:n_paper: Translated News,False,2026-06-23T20:45:31+00:00,2026-06-23T16:45:31-04:00,"The **Atlético de Madrid** he wanted to come forward regarding the situation caused by the statements of **Julian Alvarez** in which “requested a transfer” to fulfill his land and his CEO, **Miguel Án"
1udjl2t,[ESPN] Aston Villa offers €9 million for Flamengo's Emerson Royal,Exhausted_98,257,0.97,91,https://www.espn.com.br/futebol/flamengo/artigo/_/id/16890880/flamengo-aston-villa-faz-proposta-rs-53-milhoes-por-emerson-royal,https://reddit.com/r/soccer/comments/1udjl2t/espn_aston_villa_offers_9_million_for_flamengos/,:n_paper: Translated News,False,2026-06-23T15:01:40+00:00,2026-06-23T11:01:40-04:00,
1uctift,Argentina [2] - 0 Austria - Lionel Messi 90+4',ayoefico,14391,0.97,2231,https://streamff.pro/v/410ee91d,https://reddit.com/r/soccer/comments/1uctift/argentina_2_0_austria_lionel_messi_904/,:n_goal: Goal Clip,False,2026-06-22T18:58:34+00:00,2026-06-22T14:58:34-04:00,
1udncds,20 year old Den bosch player Wang Bohao donated 450 thousand RMB (66 thousand USD) to support Youth development in China,LeiMoshen,165,0.93,11,https://www.reddit.com/gallery/1udncds,https://reddit.com/r/soccer/comments/1udncds/20_year_old_den_bosch_player_wang_bohao_donated/,:n_media: Media,False,2026-06-23T17:18:31+00:00,2026-06-23T13:18:31-04:00,
1ud08ze,[Marca] Atletico Madrid statement: “There is no amount of money for which Barça can buy Julián Álvarez. Either they pay the release clause for €500m or there is no deal.”,Wrong-Palindrome,4691,0.99,605,https://www.marca.com/futbol/atletico/2026/06/23/atletico-indignado-estrategia-barcelona.html,https://reddit.com/r/soccer/comments/1ud08ze/marca_atletico_madrid_statement_there_is_no/,:n_transfer: Transfer News,False,2026-06-22T23:13:03+00:00,2026-06-22T19:13:03-04:00,
1udlfy6,"Vitinha completed 121 passes against DR Congo

The most by any player featuring for under 90 minutes in a World Cup game since records began in 1966.",Realistic-Ad8001,193,0.9,45,https://i.redd.it/cwsyr6fn329h1.jpeg,https://reddit.com/r/soccer/comments/1udlfy6/vitinha_completed_121_passes_against_dr_congo_the/,:n_stats: Stats,False,2026-06-23T16:09:26+00:00,2026-06-23T12:09:26-04:00,
1ucvoix,"(Süddeutsche) Miroslav Klose on Lionel Messi breaking his World Cup scoring record: ""I've always said that Messi isn't half bad. For me, he's the best footballer of all time. Congrats, champion!""",Halo1592,7972,0.99,185,https://www.sueddeutsche.de/sport/wm-2026-klose-gratuliert-messi-rekord-tore-li.3503404,https://reddit.com/r/soccer/comments/1ucvoix/süddeutsche_miroslav_klose_on_lionel_messi/,:n_paper: Translated News,False,2026-06-22T20:17:00+00:00,2026-06-22T16:17:00-04:00,
1uctmpl,Argentina fan in the stands today,Mulderre91,10621,0.96,189,https://i.redd.it/foklfd7otv8h1.png,https://reddit.com/r/soccer/comments/1uctmpl/argentina_fan_in_the_stands_today/,:n_media: Media,False,2026-06-22T19:02:47+00:00,2026-06-22T15:02:47-04:00,
1udegyf,"An economist predicted that the winner of Sunday‘s match Algeria - Austria will very likely face favorite Spain, while the loser has the chance to play against a lower-ranked team depending on 3rd place standings — This makes losing this game potentially more beneficial for advancing.",crackbit,401,0.95,159,https://i.redd.it/qwn44zs4p09h1.jpeg,https://reddit.com/r/soccer/comments/1udegyf/an_economist_predicted_that_the_winner_of_sundays/,:n_opinion: Opinion Piece,False,2026-06-23T11:26:07+00:00,2026-06-23T07:26:07-04:00,"Spain is currently expected to top Group H unless Uruguay is able to clench a surprise victory. The winner of this group will face the 2nd team in Group J.  In Group J, Algeria and Austria cannot win "
1ucx8ha,France [1] - 0 Iraq - K. Mbappé 14',West_Agent4651,5554,0.98,663,https://streamff.pro/v/08444f7c,https://reddit.com/r/soccer/comments/1ucx8ha/france_1_0_iraq_k_mbappé_14/,:n_goal: Goal Clip,False,2026-06-22T21:14:22+00:00,2026-06-22T17:14:22-04:00,
1udkida,[FC Barcelona] Agreement for the transfer of the 27-year-old goalkeeper Iñaki Peña to Panathinaikos FC,Kasj0,175,0.98,16,https://www.fcbarcelona.com/en/football/first-team/news/4525482/agreement-for-the-transfer-of-inaki-pena,https://reddit.com/r/soccer/comments/1udkida/fc_barcelona_agreement_for_the_transfer_of_the/,:n_paper: News,False,2026-06-23T15:35:36+00:00,2026-06-23T11:35:36-04:00,
1ucrcpo,Argentina [1] - 0 Austria - L. Messi 38',West_Agent4651,13739,0.96,1464,https://streamff.pro/v/ce697f5b,https://reddit.com/r/soccer/comments/1ucrcpo/argentina_1_0_austria_l_messi_38/,:n_goal: Goal Clip,False,2026-06-22T17:39:03+00:00,2026-06-22T13:39:03-04:00,
1ud2uwv,Norway [2] - 0 Senegal - E. Haaland 48',eliseihado,2430,0.99,340,https://streamin.link/v/fb470e01,https://reddit.com/r/soccer/comments/1ud2uwv/norway_2_0_senegal_e_haaland_48/,:n_goal: Goal Clip,False,2026-06-23T01:07:03+00:00,2026-06-22T21:07:03-04:00,
1ucwzfy,"Julián Álvarez: “This isn’t the time to talk about this, but I can’t hide either; I try to be an honest person. I spoke with the people at Atlético Madrid, and I think the best thing for everyone is a transfer. I want to fulfill my dream.”",nearly_headless_nic,5161,0.98,788,https://v.redd.it/u8urpoq9fw8h1,https://reddit.com/r/soccer/comments/1ucwzfy/julián_álvarez_this_isnt_the_time_to_talk_about/,:n_paper: News,True,2026-06-22T21:04:56+00:00,2026-06-22T17:04:56-04:00,
1ud1kkt,France [2] - 0 Iraq - K. Mbappé 54',West_Agent4651,2743,0.98,473,https://streamff.pro/v/d6439ec7,https://reddit.com/r/soccer/comments/1ud1kkt/france_2_0_iraq_k_mbappé_54/,:n_goal: Goal Clip,False,2026-06-23T00:09:31+00:00,2026-06-22T20:09:31-04:00,
1ud3qkr,Norway fans doing Viking Row against Senegal 85',977x,1943,0.97,63,https://v.redd.it/m4mhdl4otx8h1,https://reddit.com/r/soccer/comments/1ud3qkr/norway_fans_doing_viking_row_against_senegal_85/,:n_media: Match Clip,True,2026-06-23T01:47:01+00:00,2026-06-22T21:47:01-04:00,
1udhn89,SS Lazio appoint Gennaro Gattuso as team manager,Mulderre91,213,0.95,97,https://www.sslazio.it/en/news/comunicati/comunicato-ufficiale-or-gennaro-gattuso,https://reddit.com/r/soccer/comments/1udhn89/ss_lazio_appoint_gennaro_gattuso_as_team_manager/,:n_official: Official Source,False,2026-06-23T13:47:58+00:00,2026-06-23T09:47:58-04:00,
1udmlcv,[Ornstein] Inter Milan face competition from Chelsea for Atalanta’s Marco Palestra,MembershipSingle7137,118,0.95,67,https://www.nytimes.com/athletic/7386872/2026/06/23/marco-palestra-transfer-chelsea-inter-milan/,https://reddit.com/r/soccer/comments/1udmlcv/ornstein_inter_milan_face_competition_from/,:n_paper: News,False,2026-06-23T16:51:20+00:00,2026-06-23T12:51:20-04:00,
1ucrdmx,"Lionel Messi becomes the all time leading goalscorer in FIFA World Cup history (17), surpassing his joint record with Miroslav Klose of 16 goals.",Timely-Zombie9466,9658,0.97,487,https://www.transfermarkt.com/weltmeisterschaft/ewigetorschuetzenliste/pokalwettbewerb/FIWC,https://reddit.com/r/soccer/comments/1ucrdmx/lionel_messi_becomes_the_all_time_leading/,:n_stats: Stats,False,2026-06-22T17:40:03+00:00,2026-06-22T13:40:03-04:00,&#x200B;  [Source](https://www.transfermarkt.com/weltmeisterschaft/ewigetorschuetzenliste/pokalwettbewerb/FIWC)
1ud033e,France Vs Iraq match suspended due to inclement weather,Dookman,2831,0.98,652,https://i.redd.it/vf1okh031x8h1.png,https://reddit.com/r/soccer/comments/1ud033e/france_vs_iraq_match_suspended_due_to_inclement/,:n_paper: News,False,2026-06-22T23:06:13+00:00,2026-06-22T19:06:13-04:00,
1udi39b,"[Mike Keegan] Spurs are surprisingly aggressive this summer in spending, which is surprising other clubs, not just Man Utd. They're already at the higher end of what Utd want to pay for Mateus Fernandes. There is still belief he wants to come to Utd, but it'll be a case of who offers him more money",ChiefLeef22,174,0.9,184,https://www.youtube.com/live/_JYFHSrngZ4,https://reddit.com/r/soccer/comments/1udi39b/mike_keegan_spurs_are_surprisingly_aggressive/,:n_media: Media,False,2026-06-23T14:05:00+00:00,2026-06-23T10:05:00-04:00,"Also: **""No one at Man United knows where the reports of Lewis Hall being unhappy come from, they're not interested in signing the player as it stands. There's ""bafflement"" at the reports.""**"
1udj0pv,Comunicado Oficial : Real Madrid win their legal battle against La Liga. La Liga unlawfully excluded Madrid from TV rights management meetings in 2022.,Crane977,155,0.84,31,https://www.realmadrid.com/es-ES/noticias/club/comunicados/comunicado-oficial-23-06-2026,https://reddit.com/r/soccer/comments/1udj0pv/comunicado_oficial_real_madrid_win_their_legal/,:n_official: Official Source,False,2026-06-23T14:40:40+00:00,2026-06-23T10:40:40-04:00,
1ud9qg3,"World Cup 2026: Messi, Mbappe, Haaland and Kane in Golden Boot race for the ages - who will win?",Logical_Welder3467,612,0.95,215,https://www.bbc.com/sport/football/articles/c5yz2enre06o,https://reddit.com/r/soccer/comments/1ud9qg3/world_cup_2026_messi_mbappe_haaland_and_kane_in/,:n_opinion: Opinion Piece,False,2026-06-23T06:53:45+00:00,2026-06-23T02:53:45-04:00,
1udknwp,[Sofascore] Lukaku's World Cup form since last goal,everyhearthstone,119,0.86,33,https://i.redd.it/8o906dtky19h1.jpeg,https://reddit.com/r/soccer/comments/1udknwp/sofascore_lukakus_world_cup_form_since_last_goal/,:n_stats: Stats,False,2026-06-23T15:41:19+00:00,2026-06-23T11:41:19-04:00,
1ucs7jl,Peter Schmeichel says Messi's goal shouldn't have stood because of a foul in the build up of the goal,notaghostofreddit,6576,0.92,1371,https://v.redd.it/h9qy1qcbkv8h1,https://reddit.com/r/soccer/comments/1ucs7jl/peter_schmeichel_says_messis_goal_shouldnt_have/,:n_media: Media,True,2026-06-22T18:10:36+00:00,2026-06-22T14:10:36-04:00,
1uczrep,"[AS] Atlético Madrid will report Barcelona over Julián: “Everyone knows it's a cheating club, and they've come it again here”",PartidoAPartido,2355,0.96,520,https://as.com/futbol/primera/el-atleti-denunciara-al-barca-por-julian-alvarez-todo-el-mundo-sabe-que-es-un-club-tramposo-y-lo-han-vuelto-a-demostrar-aqui-f202606-n/,https://reddit.com/r/soccer/comments/1uczrep/as_atlético_madrid_will_report_barcelona_over/,:n_paper: Translated News,False,2026-06-22T22:53:09+00:00,2026-06-22T18:53:09-04:00,"Atlético Madrid will sue Barcelona over Julián: “Everyone knows it’s a cheating club, and they’ve proven it again here.”  Atlético Madrid has taken a firm stance against the Argentine player's comment"
1udiz7q,"[Bild+] FC Bayern are interested in Felix Nmecha. Especially Max Eberl, who already had some loose talks with his agent, is a big fan. A summer transfer is unlikely though. Nmecha has a €80m release clause in his contract starting in 2027 and doesn't rule out a transfer, even this summer.",nutelamitbutter,121,0.91,87,https://www.bild.de/sport/fussball/auch-englaender-an-bvb-star-dran-fc-bayern-erkundigte-sich-nach-felix-nmecha-6a3a4a33bee7c015a23d803b,https://reddit.com/r/soccer/comments/1udiz7q/bild_fc_bayern_are_interested_in_felix_nmecha/,:n_paper: News,False,2026-06-23T14:39:05+00:00,2026-06-23T10:39:05-04:00,
1ucqjho,Lionel Messi penalty miss against Austria 8',West_Agent4651,7011,0.98,1133,https://streamff.pro/v/ffdf998f,https://reddit.com/r/soccer/comments/1ucqjho/lionel_messi_penalty_miss_against_austria_8/,:n_media: Match Clip,False,2026-06-22T17:09:30+00:00,2026-06-22T13:09:30-04:00,
1udkzi7,"[OC] Three players have scored 2 or more goals in back-to-back games at the 2026 World Cup so far: Messi, Mbappe and Haaland. The only other World Cup to ever produce three was 1958.",calvinswagg,100,0.95,21,https://i.redd.it/g6jzp0rm029h1.png,https://reddit.com/r/soccer/comments/1udkzi7/oc_three_players_have_scored_2_or_more_goals_in/,:n_oc: OC,False,2026-06-23T15:53:03+00:00,2026-06-23T11:53:03-04:00,
1ud1a5q,France against Iraq will resume at 00:00 UTC and FIFA has confirmed that there will be no hydration breaks for the rest of the match,977x,1766,0.99,97,https://i.redd.it/h7sqcpgm9x8h1.png,https://reddit.com/r/soccer/comments/1ud1a5q/france_against_iraq_will_resume_at_0000_utc_and/,:n_paper: News,False,2026-06-22T23:57:19+00:00,2026-06-22T19:57:19-04:00,
1udp98g,"[VI] Ajax and AS Monaco have reached agreement about transfer fee of Caio Henrique (~€10m), but personal agreement with the player is far out of reach so far",Roller95,55,0.95,4,https://www.vi.nl/nieuws/transfer-caio-henrique-naar-ajax-loopt-vertraging-op-persoonlijk-akkoord-ver-weg,https://reddit.com/r/soccer/comments/1udp98g/vi_ajax_and_as_monaco_have_reached_agreement/,:n_paper: News,False,2026-06-23T18:27:09+00:00,2026-06-23T14:27:09-04:00,
1uctyw3,BBC's 3D first person simulation of Messi's record breaking goal vs Austria.,Sad-Concentrate168,4119,0.96,230,https://v.redd.it/wcfrgyivvv8h1,https://reddit.com/r/soccer/comments/1uctyw3/bbcs_3d_first_person_simulation_of_messis_record/,:n_goal: Goal Clip,True,2026-06-22T19:15:06+00:00,2026-06-22T15:15:06-04:00,
1udjpul,"[Ipswich Town] Club is delighted to confirm the appointment of Gary O’Neil as Manager, signing a three-year deal to the summer of 2029.",nearly_headless_nic,104,0.96,33,https://www.itfc.co.uk/news/2026/june/23/gary-oneil-appointed-ipswich-town-manager/,https://reddit.com/r/soccer/comments/1udjpul/ipswich_town_club_is_delighted_to_confirm_the/,:n_official: Official Source,False,2026-06-23T15:06:23+00:00,2026-06-23T11:06:23-04:00,
1udk0cx,Thiago Silva returns to the Fluminense Football Club,Massimo25ore,97,0.95,11,https://www.fluminense.com.br/noticia/algumas-historias-nunca-vao-ter-fim-thiago-silva-esta-de-volta-ao-fluminense,https://reddit.com/r/soccer/comments/1udk0cx/thiago_silva_returns_to_the_fluminense_football/,:n_official: Official Source,False,2026-06-23T15:17:14+00:00,2026-06-23T11:17:14-04:00,
1udd4ni,[Football Italia] Ashley Cole expected to leave Cesena 8 games into Serie B career,CautiousCottager,234,0.94,30,https://football-italia.net/ashley-cole-expected-to-leave-cesena/,https://reddit.com/r/soccer/comments/1udd4ni/football_italia_ashley_cole_expected_to_leave/,:n_paper: News,False,2026-06-23T10:13:30+00:00,2026-06-23T06:13:30-04:00,
1udm7v2,Newcastle United announces three-year front-of-shirt partnership with Knox Hydrate,notaghostofreddit,74,0.92,46,https://www.newcastleunited.com/en/news/knox-hydrate-front-of-shirt-partnership?utm_source=X&utm_medium=organic_social&utm_campaign=main_news_other_other_KNOXAnnounce_230626,https://reddit.com/r/soccer/comments/1udm7v2/newcastle_united_announces_threeyear_frontofshirt/,:n_official: Official Source,False,2026-06-23T16:37:30+00:00,2026-06-23T12:37:30-04:00,
1udkw6z,[OL] Agreement reached for the takeover of Olympique Lyonnais by Michele Kang,nerdmannerd,82,0.97,17,https://www.ol.fr/fr/actualites/accord-en-vue-d-un-rachat-de-l-olympique-lyonnais-par-michele-kang,https://reddit.com/r/soccer/comments/1udkw6z/ol_agreement_reached_for_the_takeover_of/,:n_official: Official Source,False,2026-06-23T15:49:44+00:00,2026-06-23T11:49:44-04:00,
1uderpy,"[FC Barcelona] Hamza Abdelkarim, blaugrana until 2029",Timely-Zombie9466,157,0.89,4,https://www.fcbarcelona.com/en/football/barca-b/news/4525479/hamza-abdelkarim-blaugrana-until-2029,https://reddit.com/r/soccer/comments/1uderpy/fc_barcelona_hamza_abdelkarim_blaugrana_until_2029/,:n_official: Official Source,False,2026-06-23T11:40:58+00:00,2026-06-23T07:40:58-04:00,
1udj0xb,Didier Deschamps has now matched Helmut Schön’s record for most World Cup wins as a coach (16) after France’s victory against Iraq yesterday.,Dritias,93,0.96,13,https://old.reddit.com/r/soccer/comments/1udj0xb/didier_deschamps_has_now_matched_helmut_schöns/,https://reddit.com/r/soccer/comments/1udj0xb/didier_deschamps_has_now_matched_helmut_schöns/,:n_stats: Stats,False,2026-06-23T14:40:54+00:00,2026-06-23T10:40:54-04:00,Deschamps has led France to 16 wins in his 21 World Cup matches.      Helmut Schön reached 16 wins in 25 matches while coaching West Germany between 1966 and 1978.      Deschamps has already said he w
1ud1un4,France [3] - 0 Iraq - Ousmane Dembele 66‎'‎,West_Agent4651,1275,0.97,192,https://streamff.pro/v/05387116,https://reddit.com/r/soccer/comments/1ud1un4/france_3_0_iraq_ousmane_dembele_66/,:n_goal: Goal Clip,False,2026-06-23T00:21:56+00:00,2026-06-22T20:21:56-04:00,
1ud62ie,Jordan 1-0 Algeria -Al Rashdan 36',Gentle_lips,658,0.98,146,https://streamain.com/HVGs0IIgcnH2WTd/watch,https://reddit.com/r/soccer/comments/1ud62ie/jordan_10_algeria_al_rashdan_36/,:n_goal: Goal Clip,False,2026-06-23T03:36:58+00:00,2026-06-22T23:36:58-04:00,
1udsfwq,"[VI] Mike van der Hoorn continues his career on Cyprus with AEK Larnaca, where he will sign for 2 years. He leaves FC Utrecht on a free transfer after his contract runs out",Roller95,29,0.94,1,https://www.vi.nl/nieuws/van-der-hoorn-verlaat-fc-utrecht-voor-avontuur-op-cyprus,https://reddit.com/r/soccer/comments/1udsfwq/vi_mike_van_der_hoorn_continues_his_career_on/,:n_transfer: Transfer News,False,2026-06-23T20:24:40+00:00,2026-06-23T16:24:40-04:00,
1ucuzt4,"[The Athletic] Lionel Messi — improbably, still as good as ever",bllshrfv,2595,0.92,355,https://www.nytimes.com/athletic/7376191/2026/06/22/world-cup-lionel-messi-argentina-good/?unlocked_article_code=1.sFA.V06u.Z3EJ28m_TlI1&source=athletic_user_shared_gift_article_copylink&smid=url-share-ta&source=twitteruk,https://reddit.com/r/soccer/comments/1ucuzt4/the_athletic_lionel_messi_improbably_still_as/,:n_opinion: Opinion Piece,False,2026-06-22T19:52:11+00:00,2026-06-22T15:52:11-04:00,"It may sound strange given he is considered the greatest player of all time, but as this summer’s World Cup drew closer, Lionel Messi felt the need to prove to himself that he could still make the dif"
1ud2glw,Haaland hits the post against Senegal 45+4',eliseihado,1019,0.99,129,https://streamin.link/v/7adf16cf,https://reddit.com/r/soccer/comments/1ud2glw/haaland_hits_the_post_against_senegal_454/,:n_media: Match Clip,False,2026-06-23T00:49:15+00:00,2026-06-22T20:49:15-04:00,
1ucrifl,Jeremy Doku became a father: Red Devil was given the green light before the match against Iran to travel to London to witness the birth of his first child,witness_smile,3759,0.99,203,https://www.vrt.be/vrtnws/nl/2026/06/22/jeremy-doku-papa-geworden/,https://reddit.com/r/soccer/comments/1ucrifl/jeremy_doku_became_a_father_red_devil_was_given/,:n_paper: News,False,2026-06-22T17:45:05+00:00,2026-06-22T13:45:05-04:00,
1ucpsk6,Norway has invaded Times Square,bromosabeach,4499,0.98,242,https://v.redd.it/wvvjw4nl4v8h1,https://reddit.com/r/soccer/comments/1ucpsk6/norway_has_invaded_times_square/,:n_media: Media,True,2026-06-22T16:42:14+00:00,2026-06-22T12:42:14-04:00,
1ud3udr,Norway 3-[2] Senegal - Ismaïla Sarr 90+3',977x,780,0.98,80,https://streamin.link/v/2d6f8396,https://reddit.com/r/soccer/comments/1ud3udr/norway_32_senegal_ismaïla_sarr_903/,:n_goal: Goal Clip,False,2026-06-23T01:51:49+00:00,2026-06-22T21:51:49-04:00,
1udb9sm,[Official] Spanish team Real Club Deportivo de La Coruña changes its name to Real Club Deportivo de A Coruña,ManuMora98,218,0.97,46,https://www.rcdeportivo.es/gl/noticias/la-junta-general-extraordinaria-del-rc-deportivo-aprueba-la-adecuacion-de-su-denominacion-social,https://reddit.com/r/soccer/comments/1udb9sm/official_spanish_team_real_club_deportivo_de_la/,:n_official: Official Source,False,2026-06-23T08:25:02+00:00,2026-06-23T04:25:02-04:00,
1ud32cq,"Per FIFA Media, Thursday’s Mexico–South Korea match averaged 25.5 million viewers in Mexico, the most-watched World Cup broadcast of the 21st century in the country, surpassing the record set by Mexico’s opening match vs South Africa.",Ok-Soil-5133,822,0.99,29,https://i.redd.it/2qwxkjhcox8h1.jpeg,https://reddit.com/r/soccer/comments/1ud32cq/per_fifa_media_thursdays_mexicosouth_korea_match/,:n_paper: News,False,2026-06-23T01:16:20+00:00,2026-06-22T21:16:20-04:00,
1uda5es,"""Ale was born in Italy, but he did all his life in Australia, so he's Aussie. He's been having the mullet for the last six or seven years"" - Alessandro Circati's father (Gianfranco) on his son choosing to play for Australia instead of Italy",StarryPolarisNite,267,0.97,22,https://v.redd.it/59y5qbjlgz8h1,https://reddit.com/r/soccer/comments/1uda5es/ale_was_born_in_italy_but_he_did_all_his_life_in/,:n_media: Media,True,2026-06-23T07:18:05+00:00,2026-06-23T03:18:05-04:00,"""...so, I'm not very happy with that! But, again, It doesn't matter where you were born, it where you were raised, how you're were raised. So, I don't agree with people say, if you don't born in, if y"
1ucyyk2,"A severe thunderstorm delays the France-Iraq match. There must be no further lightning strikes detected within the eight-mile radius for a full 30 minutes before play is permitted to resume. If there is another strike, the clock resets to 30 minutes.",sparkle_stylinson,1383,0.98,613,https://i.redd.it/9gatcj60tw8h1.jpeg,https://reddit.com/r/soccer/comments/1ucyyk2/a_severe_thunderstorm_delays_the_franceiraq_match/,:n_paper: News,False,2026-06-22T22:20:39+00:00,2026-06-22T18:20:39-04:00,
1ud2sdj,A major howler by the Novorizontino keeper for the Ponte Preta goal during today's match in the Brazilian second division (Serie B),Prestigious-Back-981,819,0.99,74,https://v.redd.it/ifwaqjxxlx8h1,https://reddit.com/r/soccer/comments/1ud2sdj/a_major_howler_by_the_novorizontino_keeper_for/,:n_goal: Goal Clip,True,2026-06-23T01:03:50+00:00,2026-06-22T21:03:50-04:00,
1ud4ypk,Kylian Mbappé showing the staff where the pitch is flooded,anthn885,587,0.97,53,https://streamain.com/jAMzZnjyBkvwqCd/watch,https://reddit.com/r/soccer/comments/1ud4ypk/kylian_mbappé_showing_the_staff_where_the_pitch/,:n_media: Media,False,2026-06-23T02:43:45+00:00,2026-06-22T22:43:45-04:00,
1udka5c,(Obscure) World Cup Stats by MisterChip,MERTENS_GOAT,56,0.9,23,https://old.reddit.com/r/soccer/comments/1udka5c/obscure_world_cup_stats_by_misterchip/,https://reddit.com/r/soccer/comments/1udka5c/obscure_world_cup_stats_by_misterchip/,:n_stats: Stats,False,2026-06-23T15:27:14+00:00,2026-06-23T11:27:14-04:00,MisterChip:  We are still waiting for a goal by a player with shirt number 5 into the correct goal. All others except 1 (which is assigned to goalkeepers) have already scored a goal in this World Cup.
1udkeld,[Crystal Palace] Demolition of the six houses in Wooderson Close has begun ahead of the new Main Stand redevelopment at Selhurst Park,Goosedukee,58,0.85,31,https://v.redd.it/xm6cxgwtw19h1,https://reddit.com/r/soccer/comments/1udkeld/crystal_palace_demolition_of_the_six_houses_in/,:n_media: Media,True,2026-06-23T15:31:43+00:00,2026-06-23T11:31:43-04:00,
1udekql,World Cup 2026 Group J Outcome Table,TheZigerionScammer,109,0.88,33,https://i.redd.it/0aphc19tp09h1.png,https://reddit.com/r/soccer/comments/1udekql/world_cup_2026_group_j_outcome_table/,:n_oc: OC,False,2026-06-23T11:31:20+00:00,2026-06-23T07:31:20-04:00,
1ucsekh,Memo Ochoa to start for Mexico in World Cup clash against Czech Republic,6DogsForever,2663,0.99,149,https://nypost.com/2026/06/22/sports/mexico-world-cup-2026-mem-ochoa-to-start-in-czechia-clash/,https://reddit.com/r/soccer/comments/1ucsekh/memo_ochoa_to_start_for_mexico_in_world_cup_clash/,:n_paper: News,False,2026-06-22T18:17:50+00:00,2026-06-22T14:17:50-04:00,
1udhs33,[BBC] From non-league to the World Cup - the Semenyo story,SirTunnocksTeaCake,71,0.91,13,https://www.bbc.co.uk/sport/football/articles/cp9p9r7gg4eo,https://reddit.com/r/soccer/comments/1udhs33/bbc_from_nonleague_to_the_world_cup_the_semenyo/,:n_paper: News,False,2026-06-23T13:53:08+00:00,2026-06-23T09:53:08-04:00,
1ud7enz,Jordan 1-[2] Algeria- Amine Gouiri 82',Gentle_lips,378,0.97,124,https://streamain.com/ealymGTb4kd69Ou/watch,https://reddit.com/r/soccer/comments/1ud7enz/jordan_12_algeria_amine_gouiri_82/,:n_goal: Goal Clip,False,2026-06-23T04:45:11+00:00,2026-06-23T00:45:11-04:00,
1ud69ds,L’Équipe apologises to Belgian footballer Jérémy Doku for presenter’s comments,Shroft,444,0.96,35,https://www.theguardian.com/football/2026/jun/22/lequipe-apologises-belgium-footballer-jeremy-doku-birth-child-presenter-comments,https://reddit.com/r/soccer/comments/1ud69ds/léquipe_apologises_to_belgian_footballer_jérémy/,:n_paper: News,False,2026-06-23T03:46:36+00:00,2026-06-22T23:46:36-04:00,
1udqann,Motor Lublin sign Mihai Popa from CFR Cluj,4gjdtokurwa,26,0.82,5,https://motorlublin.eu/w/-popa2028,https://reddit.com/r/soccer/comments/1udqann/motor_lublin_sign_mihai_popa_from_cfr_cluj/,:n_official: Official Source,False,2026-06-23T19:05:06+00:00,2026-06-23T15:05:06-04:00,
1ud2btu,Norway 1-0 Senegal - Marcus Pedersen 43',977x,699,0.98,138,https://streamin.link/v/21e852f8,https://reddit.com/r/soccer/comments/1ud2btu/norway_10_senegal_marcus_pedersen_43/,:n_goal: Goal Clip,False,2026-06-23T00:43:07+00:00,2026-06-22T20:43:07-04:00,
1ud2z34,Norway 2 - [1] Senegal - I. Sarr 53',eliseihado,615,0.98,118,https://streamin.link/v/10d7ea0c,https://reddit.com/r/soccer/comments/1ud2z34/norway_2_1_senegal_i_sarr_53/,:n_goal: Goal Clip,False,2026-06-23T01:12:16+00:00,2026-06-22T21:12:16-04:00,
1ucvqxq,The President of Turkish Football Federation has called on the Justice Minister to imprison those who criticize the national team.,a14alo,1492,0.97,223,"https://t24.com.tr/gundem/tff-baskani-haciosmanoglundan-adalet-bakani-gurleke-ahlak-sinirlarini-asan-yorumlarla-ilgili-yasa-cagrisi,1330665?_t=1782159016075",https://reddit.com/r/soccer/comments/1ucvqxq/the_president_of_turkish_football_federation_has/,:n_paper: News,False,2026-06-22T20:19:23+00:00,2026-06-22T16:19:23-04:00,"First of all, this post is serious, I'm not trolling  TFF President Hacıosmanoğlu addressed Justice Minister Akın Gürlek:  ""I would like to address our Justice Minister, whom I greatly respect and val"
1ucyfqh,Ghanaian witch doctor who 'nobbled' Cristiano Ronaldo says he's 'cursed' Harry Kane.,poisonedbythemind,1089,0.93,142,https://www.dailystar.co.uk/sport/football/ghanaian-witch-doctor-who-nobbled-37325441,https://reddit.com/r/soccer/comments/1ucyfqh/ghanaian_witch_doctor_who_nobbled_cristiano/,:n_paper: News,False,2026-06-22T22:00:31+00:00,2026-06-22T18:00:31-04:00,
1ucqs9j,[OptaAnalyst] Lionel Messi has taken (7) and missed (3) the most Penalties in World Cup history.,Timely-Zombie9466,2534,0.98,259,https://i.redd.it/ll839x13bv8h1.jpeg,https://reddit.com/r/soccer/comments/1ucqs9j/optaanalyst_lionel_messi_has_taken_7_and_missed_3/,:n_stats: Stats,False,2026-06-22T17:18:27+00:00,2026-06-22T13:18:27-04:00,
1udeete,"Rade Bogdanović: ""I sincerely apologise for my statement about Black footballers""",Colchoner,88,0.82,37,https://en.nogomania.com/read/Rade-Bogdanovic-apologises-after-controversial-World-Cup-comments-spark-backlash,https://reddit.com/r/soccer/comments/1udeete/rade_bogdanović_i_sincerely_apologise_for_my/,:n_paper: News,False,2026-06-23T11:23:07+00:00,2026-06-23T07:23:07-04:00,
1udso16,[Official] Belgian U21 international Nikolas Verkooijen signs with SV Darmstadt after his contract with PSV ended,Roller95,15,0.94,0,https://www.sv98.de/verkooijen-unterschreibt-beim-sv-98/,https://reddit.com/r/soccer/comments/1udso16/official_belgian_u21_international_nikolas/,:n_official: Official Source,False,2026-06-23T20:33:02+00:00,2026-06-23T16:33:02-04:00,
1ucynlu,"Messi: “Obviously I am happy with the win. It was a hard win. We knew it was going to be intense, that we could not drop off. Happy with the result and the qualification. It was important.”",Kr_bm,917,0.94,65,https://roundtable.io/sports/soccer/lionel-messi-breaks-world-cup-record-and-fires-argentina-reminder,https://reddit.com/r/soccer/comments/1ucynlu/messi_obviously_i_am_happy_with_the_win_it_was_a/,:n_quotes: Quotes,False,2026-06-22T22:08:43+00:00,2026-06-22T18:08:43-04:00,
1ud3ja8,Senegal penalty shout against Norway 74',977x,463,0.87,235,https://v.redd.it/23enrkoyrx8h1,https://reddit.com/r/soccer/comments/1ud3ja8/senegal_penalty_shout_against_norway_74/,:n_media: Match Clip,True,2026-06-23T01:37:40+00:00,2026-06-22T21:37:40-04:00,
1ude7pk,World Cup 2026 Group I Outcome Chart,TheZigerionScammer,81,0.92,34,https://i.redd.it/59wm9ncam09h1.png,https://reddit.com/r/soccer/comments/1ude7pk/world_cup_2026_group_i_outcome_chart/,:n_oc: OC,False,2026-06-23T11:12:57+00:00,2026-06-23T07:12:57-04:00,
1udhjav,"FIFA Fan Festival Atlanta welcomes the most fans of any US host city, organizers say",helpmeredditimbored,48,0.95,9,https://www.atlantanewsfirst.com/2026/06/23/fifa-fan-festival-atlanta-welcomes-most-fans-any-us-host-city-organizers-say/,https://reddit.com/r/soccer/comments/1udhjav/fifa_fan_festival_atlanta_welcomes_the_most_fans/,:n_paper: News,False,2026-06-23T13:43:39+00:00,2026-06-23T09:43:39-04:00,
1ud42d8,"Post Match Thread: Norway 3 - 2 Senegal | FIFA World Cup 2026 | Group Stage, Group I",jiraiya--an,405,0.99,765,https://old.reddit.com/r/soccer/comments/1ud42d8/post_match_thread_norway_3_2_senegal_fifa_world/,https://reddit.com/r/soccer/comments/1ud42d8/post_match_thread_norway_3_2_senegal_fifa_world/,:n_ball: Post-Match Thread,False,2026-06-23T02:01:54+00:00,2026-06-22T22:01:54-04:00,# FT: Norway 3 - 2 Senegal  ---  *Desktop note: best viewed on [old.reddit](https://old.reddit.com/r/soccer/comments/1ud0nks/match_thread_norway_vs_senegal_fifa_world_cup/).*  | Info | Details | | ---
1ud1059,State of the pitch in Philadelphia after the delay,GordieMac,575,0.97,117,https://v.redd.it/tnxlywe18x8h1,https://reddit.com/r/soccer/comments/1ud1059/state_of_the_pitch_in_philadelphia_after_the_delay/,:n_media: Media,True,2026-06-22T23:45:05+00:00,2026-06-22T19:45:05-04:00,
1ud2bnz,France penalty shout against Iraq 80',mlkhighschool,476,0.88,333,https://v.redd.it/u87gp5gdix8h1,https://reddit.com/r/soccer/comments/1ud2bnz/france_penalty_shout_against_iraq_80/,:n_media: Match Clip,True,2026-06-23T00:42:55+00:00,2026-06-22T20:42:55-04:00,
1udg8ze,David Squires on … the big names putting on a show at World Cup,CradleCity,55,0.84,11,https://www.theguardian.com/football/picture/2026/jun/23/david-squires-on-big-names-messi-mbappe-ronaldo-putting-on-a-show-at-world-cup,https://reddit.com/r/soccer/comments/1udg8ze/david_squires_on_the_big_names_putting_on_a_show/,:n_media: Media,False,2026-06-23T12:49:31+00:00,2026-06-23T08:49:31-04:00,
1uclbsw,Argentinian fans spot an Austrian fan and immediately adopt him,Franout,3471,0.96,310,https://v.redd.it/axwoe39cbu8h1,https://reddit.com/r/soccer/comments/1uclbsw/argentinian_fans_spot_an_austrian_fan_and/,:n_media: Media,True,2026-06-22T13:58:15+00:00,2026-06-22T09:58:15-04:00,
1ud7jgd,Algeria 2nd goal VAR Onside decision,thedarthlorde,193,0.95,47,https://i.redd.it/sk3ibykpqy8h1.png,https://reddit.com/r/soccer/comments/1ud7jgd/algeria_2nd_goal_var_onside_decision/,:n_media: Media,False,2026-06-23T04:52:07+00:00,2026-06-23T00:52:07-04:00,
1udkk1s,Aurelien Guernier completes move to AC Milan,Lukeno94,27,0.84,4,https://www.bcfc.com/pages/en/media-article/aurelien-guernier-completes-move-to-ac-milan,https://reddit.com/r/soccer/comments/1udkk1s/aurelien_guernier_completes_move_to_ac_milan/,:n_transfer: Transfer News,False,2026-06-23T15:37:21+00:00,2026-06-23T11:37:21-04:00,
1ud5dc3,"Jordan vs Algeria in the 2026 FIFA World Cup is the first time an all-Arab fixture in the World Cup does not feature Saudi Arabia. In three previous all-Arab meetings, Saudi Arabia has, surprisingly, been unbeaten so far",Tall_Pressure7042,271,0.95,48,https://i.redd.it/z7598zub7y8h1.png,https://reddit.com/r/soccer/comments/1ud5dc3/jordan_vs_algeria_in_the_2026_fifa_world_cup_is/,:n_stats: Stats,False,2026-06-23T03:02:55+00:00,2026-06-22T23:02:55-04:00,
1ud1x6m,Michael Olise chip hits the crossbar 58' [France vs Iraq 2026 World Cup],Hic_Forum_Est,428,0.98,67,https://streamin.link/v/fb073271,https://reddit.com/r/soccer/comments/1ud1x6m/michael_olise_chip_hits_the_crossbar_58_france_vs/,:n_media: Match Clip,False,2026-06-23T00:25:03+00:00,2026-06-22T20:25:03-04:00,
1udby2k,4.9 millions viewers on M6 (FTA broadcaster in France) during France vs Irak,Moug-10,83,0.88,13,https://www.lequipe.fr/Medias/Actualites/La-victoire-des-bleus-contre-l-irak-lundi-soir-a-attire-4-9-millions-de-telespectateurs-sur-m6/1697507,https://reddit.com/r/soccer/comments/1udby2k/49_millions_viewers_on_m6_fta_broadcaster_in/,:n_paper: Translated News,False,2026-06-23T09:05:26+00:00,2026-06-23T05:05:26-04:00,"Kick-off at 11pm France time.  About 9 million during the first half-time. After the 2-hour storm half-time, 3 million stayed to watch the second half. The other French broadcaster, BeIN Sports (pay-T"
1ude4by,Conte challenges Mancini for Italy coaching job,Massimo25ore,58,0.91,25,https://football-italia.net/conte-challenges-mancini-for-italy-job/,https://reddit.com/r/soccer/comments/1ude4by/conte_challenges_mancini_for_italy_coaching_job/,:n_paper: News,False,2026-06-23T11:08:02+00:00,2026-06-23T07:08:02-04:00,
1ud94mk,[FIXED] Which national team has to fly the most to their games?,canopey,141,0.93,47,https://i.redd.it/p74a7di36z8h1.png,https://reddit.com/r/soccer/comments/1ud94mk/fixed_which_national_team_has_to_fly_the_most_to/,:n_oc: OC,False,2026-06-23T06:18:27+00:00,2026-06-23T02:18:27-04:00,
1ud7lgm,Algeria's 2nd goal is deemed onside by video review. ALG [2] - 1 JOR,Moose4KU,180,0.97,22,https://v.redd.it/mk9manucry8h1,https://reddit.com/r/soccer/comments/1ud7lgm/algerias_2nd_goal_is_deemed_onside_by_video/,:n_goal: Goal Clip,True,2026-06-23T04:55:00+00:00,2026-06-23T00:55:00-04:00,
1udeb3w,Comunicado Oficial: operación CVC,Timely-Zombie9466,53,0.81,53,https://www.realmadrid.com/es-ES/noticias/club/comunicados/comunicado-oficial-cvc-23-06-2026,https://reddit.com/r/soccer/comments/1udeb3w/comunicado_oficial_operación_cvc/,:n_official: Official Source,False,2026-06-23T11:17:45+00:00,2026-06-23T07:17:45-04:00,Real Madrid CF announces that the Provincial Court of Madrid has rejected the appeal filed jointly by Real Madrid CF and Athletic Club against the agreements approved by LaLiga in relation to the so-c
1ud4hn0,Iconic Brazilian football commentator Galvão Bueno has been awarded the title of the TV commentator who has called the most live FIFA World Cup matches in television history. He has covered 148 matches across 14 World Cups,Prestigious-Back-981,279,0.98,23,https://i.redd.it/4i0rxw8zzx8h1.jpeg,https://reddit.com/r/soccer/comments/1ud4hn0/iconic_brazilian_football_commentator_galvão/,:n_media: Media,False,2026-06-23T02:21:32+00:00,2026-06-22T22:21:32-04:00,
1udf7wf,OFFICIAL: RB Salzburg sign Kevin Boma for 7 million euros,TheGrandLeveler,48,0.93,5,https://www.redbullsalzburg.at/en/recent/news/kevin-boma-transfer-gd-estoril-praia,https://reddit.com/r/soccer/comments/1udf7wf/official_rb_salzburg_sign_kevin_boma_for_7/,:n_official: Official Source,False,2026-06-23T12:02:18+00:00,2026-06-23T08:02:18-04:00,
1ud28ho,Edouard Mendy save against Norway 37',977x,373,0.98,72,https://v.redd.it/0i3dagrmhx8h1,https://reddit.com/r/soccer/comments/1ud28ho/edouard_mendy_save_against_norway_37/,:n_media: Match Clip,True,2026-06-23T00:39:04+00:00,2026-06-22T20:39:04-04:00,
1ucqe80,Uruguayan couple gets engaged during Uruguay vs Cape Verde. Seconds later Cape Verde score the equalizer,eazy_K,1491,0.97,51,https://v.redd.it/pf3u1rjh8v8h1,https://reddit.com/r/soccer/comments/1ucqe80/uruguayan_couple_gets_engaged_during_uruguay_vs/,:n_media: Match Clip,True,2026-06-22T17:04:01+00:00,2026-06-22T13:04:01-04:00,
1ud9mrb,"Malago's new vision for Italy: Conte to become head coach, Maldini to be appointed sporting director",lawandsleep,117,0.94,30,https://www.gazzetta.it/Calcio/Nazionale/23-06-2026/malago-italia-conte-maldini.shtml,https://reddit.com/r/soccer/comments/1ud9mrb/malagos_new_vision_for_italy_conte_to_become_head/,:n_paper: News,False,2026-06-23T06:47:39+00:00,2026-06-23T02:47:39-04:00,
1ud75h9,Jordan 1 - [1] Algeria - Nadir Benbouali  69',eliseihado,183,0.96,34,https://streamin.link/v/00f5f180,https://reddit.com/r/soccer/comments/1ud75h9/jordan_1_1_algeria_nadir_benbouali_69/,:n_goal: Goal Clip,False,2026-06-23T04:31:42+00:00,2026-06-23T00:31:42-04:00,
1udfr3o,Óscar Garcia is the new Pogoń Szczecin head coach,4gjdtokurwa,43,0.9,7,https://pogonszczecin.pl/w/oscar-garcia-nowym-trenerem-pogoni-,https://reddit.com/r/soccer/comments/1udfr3o/óscar_garcia_is_the_new_pogoń_szczecin_head_coach/,:n_official: Official Source,False,2026-06-23T12:27:14+00:00,2026-06-23T08:27:14-04:00,
1uctngc,"Post Match Thread: Argentina 2 - 0 Austria | FIFA World Cup 2026 | Group Stage, Group J",jiraiya--an,994,0.96,1824,https://old.reddit.com/r/soccer/comments/1uctngc/post_match_thread_argentina_2_0_austria_fifa/,https://reddit.com/r/soccer/comments/1uctngc/post_match_thread_argentina_2_0_austria_fifa/,:n_ball: Post-Match Thread,False,2026-06-22T19:03:34+00:00,2026-06-22T15:03:34-04:00,# FT: Argentina 2 - 0 Austria  ---  *Desktop note: best viewed on [old.reddit](https://old.reddit.com/r/soccer/comments/1ucpgau/match_thread_argentina_vs_austria_fifa_world_cup/).*  | Info | Details |
1udaneu,Scottish fans friendly USA invasion exemplifies the joy of the World Cup | Philipp Lahm,Shroft,93,0.85,35,https://www.theguardian.com/football/2026/jun/23/scotland-fans-usa-world-cup-joy-fifa,https://reddit.com/r/soccer/comments/1udaneu/scottish_fans_friendly_usa_invasion_exemplifies/,:n_opinion: Opinion Piece,False,2026-06-23T07:47:58+00:00,2026-06-23T03:47:58-04:00,
1uczg5p,[The Athletic] Atletico’s Julian Alvarez confirms he wants a transfer: ‘I want to fulfill my dream’,kgallo19,492,0.96,200,https://www.nytimes.com/athletic/7384517/2026/06/22/julian-alvarez-transfer-barcelona-atletico-madrid/?unlocked_article_code=1.sFA.cH9j.IppgmcmFNcEt&source=athletic_user_shared_gift_article_copylink&smid=url-share-ta,https://reddit.com/r/soccer/comments/1uczg5p/the_athletic_atleticos_julian_alvarez_confirms_he/,:n_paper: News,False,2026-06-22T22:40:14+00:00,2026-06-22T18:40:14-04:00,
1uczvp6,"Mbappé gets nutmegged, then instantly nutmegs Merchas Doski back",anthn885,443,0.95,28,https://streamain.com/M5hliSg46rTCCHi/watch,https://reddit.com/r/soccer/comments/1uczvp6/mbappé_gets_nutmegged_then_instantly_nutmegs/,:n_media: Media,False,2026-06-22T22:58:03+00:00,2026-06-22T18:58:03-04:00,
1ucykr0,Refcam angle of Lionel Messi's first goal against Austria,977x,511,0.9,75,https://v.redd.it/4ov3h9c2qw8h1,https://reddit.com/r/soccer/comments/1ucykr0/refcam_angle_of_lionel_messis_first_goal_against/,:n_media: Match Clip,True,2026-06-22T22:05:45+00:00,2026-06-22T18:05:45-04:00,
1udjg76,Pogoń Szczecin sign Jean-Pierre Nsame (recently Legia Warszawa),4gjdtokurwa,22,0.91,0,https://pogonszczecin.pl/w/jean-pierre-nsame-nowym-pi%C5%82karzem-pogoni-,https://reddit.com/r/soccer/comments/1udjg76/pogoń_szczecin_sign_jeanpierre_nsame_recently/,:n_official: Official Source,False,2026-06-23T14:56:51+00:00,2026-06-23T10:56:51-04:00,
1ucoeah,"[Sports Illustrated] famous DR Congo fan Lumumba Vea has arrived to Mexico, just in time for his country's match v Colombia tomorrow.",Mulderre91,1542,0.98,76,https://www.si.com/mx/mundial-2026/lumumba-vea-ya-esta-guadalajara,https://reddit.com/r/soccer/comments/1ucoeah/sports_illustrated_famous_dr_congo_fan_lumumba/,:n_paper: News,False,2026-06-22T15:52:19+00:00,2026-06-22T11:52:19-04:00,
1uchv9p,Germany's Nico Schlotterbeck is out of the World Cup due to foot injury,Scarfaaace,3593,0.99,290,https://www.focus.de/panorama/welt/baenderriss-im-sprunggelenk-wm-aus-fuer-schlotterbeck_b2504618-847a-4949-9bef-f1a31694bf7d.html,https://reddit.com/r/soccer/comments/1uchv9p/germanys_nico_schlotterbeck_is_out_of_the_world/,:n_paper: News,False,2026-06-22T11:22:07+00:00,2026-06-22T07:22:07-04:00,
1ud7t4l,"Carlos ""Bocha"" Houriet from Cadena 3 Argentina reacts to the first goal of Messi for Argentina 1 - Austria 0",mexdoomer,127,0.84,10,https://v.redd.it/76ydygtaty8h1,https://reddit.com/r/soccer/comments/1ud7t4l/carlos_bocha_houriet_from_cadena_3_argentina/,:n_media: Media,True,2026-06-23T05:05:59+00:00,2026-06-23T01:05:59-04:00,
1ud7q96,"Post Match Thread: Jordan 1 - 2 Algeria | FIFA World Cup 2026 | Group Stage, Group J",jiraiya--an,125,0.98,172,https://old.reddit.com/r/soccer/comments/1ud7q96/post_match_thread_jordan_1_2_algeria_fifa_world/,https://reddit.com/r/soccer/comments/1ud7q96/post_match_thread_jordan_1_2_algeria_fifa_world/,:n_ball: Post-Match Thread,False,2026-06-23T05:01:44+00:00,2026-06-23T01:01:44-04:00,# FT: Jordan 1 - 2 Algeria  ---  *Desktop note: best viewed on [old.reddit](https://old.reddit.com/r/soccer/comments/1ud4odh/match_thread_jordan_vs_algeria_fifa_world_cup/).*  | Info | Details | | ---
1uczmhj,[COPE]: Atlético Madrid want to sell Julián Álvarez to Arsenal in a deal involving a transfer fee plus Viktor Gyökeres.,TrenAt14,386,0.88,151,https://www.cope.es/programas/tiempo-de-juego/noticias/atletico-madrid-quiere-vender-julian-arsenal-traspaso-dinero-gyokeres-20260623_3389291.html,https://reddit.com/r/soccer/comments/1uczmhj/cope_atlético_madrid_want_to_sell_julián_álvarez/,:n_transfer: Transfer News,False,2026-06-22T22:47:28+00:00,2026-06-22T18:47:28-04:00,
1ucx3vh,[GE] Thiago Silva back to Fluminense. DONE DEAL,Flushh_,497,0.98,42,https://ge.globo.com/futebol/times/fluminense/noticia/2026/06/22/fluminense-anuncia-o-retorno-de-thiago-silva.ghtml,https://reddit.com/r/soccer/comments/1ucx3vh/ge_thiago_silva_back_to_fluminense_done_deal/,:n_paper: Translated News,False,2026-06-22T21:09:35+00:00,2026-06-22T17:09:35-04:00,
1uck04i,Cape Verde celebrates well into the early morning after their draw against Uruguay,Imbasauce,2228,0.99,46,https://v.redd.it/v8x0rcnw0u8h1,https://reddit.com/r/soccer/comments/1uck04i/cape_verde_celebrates_well_into_the_early_morning/,:n_media: Media,True,2026-06-22T13:03:04+00:00,2026-06-22T09:03:04-04:00,credit to COPA90 for the coverage
1ucx2hl,"Kylian Mbappé makes his 100th cap for France, the tenth man to do so. He will soon surpass his manager, Didier Deschamps, who has 103 caps.",mrjohnnymac18,472,0.97,55,https://i.redd.it/ggliv0g2gw8h1.jpeg,https://reddit.com/r/soccer/comments/1ucx2hl/kylian_mbappé_makes_his_100th_cap_for_france_the/,:n_stats: Stats,False,2026-06-22T21:08:09+00:00,2026-06-22T17:08:09-04:00,
1ud0ot3,The players are returning to the field to warm up and the match between France and Iraq will resume in about 20 minutes after being suspended due to the weather,977x,297,0.97,40,https://www.reddit.com/gallery/1ud0ot3,https://reddit.com/r/soccer/comments/1ud0ot3/the_players_are_returning_to_the_field_to_warm_up/,:n_media: Media,False,2026-06-22T23:31:37+00:00,2026-06-22T19:31:37-04:00,
1uddmn5,[Bundesliga] Official launch of the Talent Series: New U21 competition kicks off with 11 Bundesliga and 15 2. Bundesliga Clubs,mimpf21,38,0.93,13,https://www.bundesliga.com/en/bundesliga/news/bundesliga-talent-series-new-u21-competition-kicks-off-with-26-clubs-37931,https://reddit.com/r/soccer/comments/1uddmn5/bundesliga_official_launch_of_the_talent_series/,:n_youth: Youth Football,False,2026-06-23T10:41:37+00:00,2026-06-23T06:41:37-04:00,">With the Bundesliga Talent Series, German professional football is introducing a new competition for its top talents starting from the 2026/27 season. Following the unanimous decision of the DFL Gene"
1uckrzm,"[Di Marzio] City-Chelsea deal: A verbal agreement has been reached between City & Chelsea regarding the termination of Maresca's contract. In the next few hours, Maresca will travel to Manchester to sign a three-year contract. The agreement between the clubs, is estimated to be around €20 million.",nearly_headless_nic,1864,0.98,200,https://www.gianlucadimarzio.com/news-calcio/accordo-city-chelsea-firma-maresca-citizens-493857,https://reddit.com/r/soccer/comments/1uckrzm/di_marzio_citychelsea_deal_a_verbal_agreement_has/,:n_paper: News,False,2026-06-22T13:35:38+00:00,2026-06-22T09:35:38-04:00,
1udbka6,Universidad de Chile coach Gago discharged after heart attack,Shroft,53,0.97,8,https://www.reuters.com/sports/soccer/universidad-de-chile-coach-gago-discharged-after-heart-attack-2026-06-23/,https://reddit.com/r/soccer/comments/1udbka6/universidad_de_chile_coach_gago_discharged_after/,:n_paper: News,False,2026-06-23T08:42:50+00:00,2026-06-23T04:42:50-04:00,
1uct1f7,Fans told not to travel to France-Iraq game due to bad weather,66f6,715,0.93,190,https://www.bbc.co.uk/sport/football/articles/cn4d7g5xxw8o,https://reddit.com/r/soccer/comments/1uct1f7/fans_told_not_to_travel_to_franceiraq_game_due_to/,:n_paper: News,False,2026-06-22T18:41:00+00:00,2026-06-22T14:41:00-04:00,
1ud8rvf,Two-hour storm break fails to stop France as Mbappé and Dembélé prove too good for Iraq | World Cup 2026 | The Guardian,prisongovernor,83,0.94,13,https://www.theguardian.com/football/2026/jun/23/france-iraq-world-cup-group-i-match-report,https://reddit.com/r/soccer/comments/1ud8rvf/twohour_storm_break_fails_to_stop_france_as/,:n_paper: News,False,2026-06-23T05:58:35+00:00,2026-06-23T01:58:35-04:00,
1ucux49,Arabic commentary of Messi's historic 17th goal in the world cup,mohamez,518,0.89,56,https://v.redd.it/2tyc0o2v1w8h1,https://reddit.com/r/soccer/comments/1ucux49/arabic_commentary_of_messis_historic_17th_goal_in/,:n_goal: Goal Clip,True,2026-06-22T19:49:23+00:00,2026-06-22T15:49:23-04:00,
1ucbuqb,"Mbappé: ""My thoughts on hydration breaks? Don't ask us players for our opinion, we're very reactionary.",AbaloneObjective7214,8311,0.98,387,https://sports.yahoo.com/articles/kylian-mbappe-explains-bold-stance-220846859.html,https://reddit.com/r/soccer/comments/1ucbuqb/mbappé_my_thoughts_on_hydration_breaks_dont_ask/,:n_quotes: Quotes,False,2026-06-22T05:31:21+00:00,2026-06-22T01:31:21-04:00,"If tomorrow we're dominating at the 25th minute, and there's a hydration break, we'll be angry, because it breaks our rhythm, but if the weather is hot, or we're being dominated, I'll be happy."""
1udjes6,Piast Gliwice sign Domen Gril (recently Académico de Viseu),4gjdtokurwa,17,0.9,0,https://piast-gliwice.eu/aktualnosci/newsy/domen-gril-nowym-bramkarzem-piasta,https://reddit.com/r/soccer/comments/1udjes6/piast_gliwice_sign_domen_gril_recently_académico/,:n_official: Official Source,False,2026-06-23T14:55:19+00:00,2026-06-23T10:55:19-04:00,
1uczl2p,Weather could also Threaten New Jersey later tonight for Norway-Senegal after it has impacted France-Iraq in Philadelphia,Ok-Soil-5133,289,0.98,140,https://frontofficesports.com/world-cup-weather-delays-philadelphia-nj/?utm_source=TWITTER&utm_medium=Article&utm_campaign=Editorial,https://reddit.com/r/soccer/comments/1uczl2p/weather_could_also_threaten_new_jersey_later/,:n_paper: News,False,2026-06-22T22:45:52+00:00,2026-06-22T18:45:52-04:00,"""Fans faced on-and-off rainfall heading to East Rutherford for the Norway–Senegal match, with a kickoff scheduled for 8:00 pm Eastern. For fans riding the $98 NJ Transit train to the stadium, the powe"
1udbfb7,‘ I scored goals with Cristiano Ronaldo at 15. Even then his mindset and will to win was extraordinary ’,Shroft,45,0.62,52,https://www.nytimes.com/athletic/7247959/2026/06/23/cristiano-ronaldo-portugal-world-cup-sporting-academy/,https://reddit.com/r/soccer/comments/1udbfb7/i_scored_goals_with_cristiano_ronaldo_at_15_even/,:n_quotes: Quotes,False,2026-06-23T08:34:27+00:00,2026-06-23T04:34:27-04:00,
1uda3gi,"[The Athletic, in the article] Personal terms between United and Fernandes are not expected to be an issue. Yet even if Old Trafford is a player’s preference, competition for their signature can have the obvious consequence of driving up and fixing their price",PitchSafe,57,0.83,27,https://www.nytimes.com/athletic/7382334/2026/06/23/transfer-dealsheet-latest-arsenal-man-united/?unlocked_article_code=1.sVA.W2Zp.3S0zcxFGEZWt&source=athletic_user_shared_gift_article_copylink&smid=url-share-ta,https://reddit.com/r/soccer/comments/1uda3gi/the_athletic_in_the_article_personal_terms/,:n_transfer: Transfer News,False,2026-06-23T07:14:53+00:00,2026-06-23T03:14:53-04:00,
1ud67xe,Thomas Tuchel urges England to improve defence against Ghana after ‘ Wake up call ’,Shroft,113,0.93,42,https://www.theguardian.com/football/2026/jun/23/thomas-tuchel-england-ghana-world-cup-defence-improve,https://reddit.com/r/soccer/comments/1ud67xe/thomas_tuchel_urges_england_to_improve_defence/,:n_quotes: Quotes,False,2026-06-23T03:44:33+00:00,2026-06-22T23:44:33-04:00,
1ud2h4c,"Post Match Thread: France 3 - 0 Iraq | FIFA World Cup 2026 | Group Stage, Group I",jiraiya--an,191,0.95,395,https://old.reddit.com/r/soccer/comments/1ud2h4c/post_match_thread_france_3_0_iraq_fifa_world_cup/,https://reddit.com/r/soccer/comments/1ud2h4c/post_match_thread_france_3_0_iraq_fifa_world_cup/,:n_ball: Post-Match Thread,False,2026-06-23T00:49:53+00:00,2026-06-22T20:49:53-04:00,# FT: France 3 - 0 Iraq  ---  *Desktop note: best viewed on [old.reddit](https://old.reddit.com/r/soccer/comments/1ucw1ns/match_thread_france_vs_iraq_fifa_world_cup_2026/).*  | Info | Details | | --- 
1uczq87,"Instagram sued over illegal gambling ads featuring Virgil Van Dijk, Ronaldo",johnbarnshack,263,0.98,16,https://nltimes.nl/2026/06/22/instagram-sued-illegal-gambling-ads-featuring-virgil-van-dijk-ronaldo,https://reddit.com/r/soccer/comments/1uczq87/instagram_sued_over_illegal_gambling_ads/,:n_paper: News,False,2026-06-22T22:51:45+00:00,2026-06-22T18:51:45-04:00,
1ud0s5b,"Viewership revised downward for Telemundo World Cup matches by 25-29%, FOX's numbers not impacted",Ok-Soil-5133,222,0.92,82,https://www.sportsmediawatch.com/2026/06/telemundo-world-cup-viewership-revised-down/,https://reddit.com/r/soccer/comments/1ud0s5b/viewership_revised_downward_for_telemundo_world/,:n_paper: News,False,2026-06-22T23:35:38+00:00,2026-06-22T19:35:38-04:00,
1ucyrxu,Sean Dyche uploads a video on instagram of the team for England v Ghana he would pick if he was England manager,sepi0l_45,274,0.93,59,https://v.redd.it/1047ifsmrw8h1,https://reddit.com/r/soccer/comments/1ucyrxu/sean_dyche_uploads_a_video_on_instagram_of_the/,:n_media: Media,True,2026-06-22T22:13:29+00:00,2026-06-22T18:13:29-04:00,
1ud0nks,"Match Thread: Norway vs Senegal | FIFA World Cup 2026 | Group Stage, Group I",jiraiya--an,197,0.98,6230,https://old.reddit.com/r/soccer/comments/1ud0nks/match_thread_norway_vs_senegal_fifa_world_cup/,https://reddit.com/r/soccer/comments/1ud0nks/match_thread_norway_vs_senegal_fifa_world_cup/,:n_ball: Match Thread,False,2026-06-22T23:30:09+00:00,2026-06-22T19:30:09-04:00,# FT: Norway 3 - 2 Senegal  ---  *Desktop note: best viewed on [old.reddit](https://old.reddit.com/r/soccer/comments/1ud0nks/match_thread_norway_vs_senegal_fifa_world_cup/).*  | Info | Details | | ---
1ucdrne,"Serbian TV pundit Rade Bogdanović: ""Black players don't have the concentration to last more than 60 to 80 minutes""",Colchoner,3950,0.93,775,https://en.nogomania.com/read/Live-TV-controversy-Former-footballer-Rade-Bogdanovic-sparks-outrage-with-World-Cup-comments,https://reddit.com/r/soccer/comments/1ucdrne/serbian_tv_pundit_rade_bogdanović_black_players/,:n_paper: News,False,2026-06-22T07:23:12+00:00,2026-06-22T03:23:12-04:00,
1uck09l,"United secures land for new 100,000-seater stadium",FragMasterMat117,1315,0.94,501,https://www.manutd.com/en/news/united-secures-land-for-new-old-trafford-stadium,https://reddit.com/r/soccer/comments/1uck09l/united_secures_land_for_new_100000seater_stadium/,:n_official: Official Source,False,2026-06-22T13:03:12+00:00,2026-06-22T09:03:12-04:00,
1ud4odh,"Match Thread: Jordan vs Algeria | FIFA World Cup 2026 | Group Stage, Group J",jiraiya--an,106,0.98,2273,https://old.reddit.com/r/soccer/comments/1ud4odh/match_thread_jordan_vs_algeria_fifa_world_cup/,https://reddit.com/r/soccer/comments/1ud4odh/match_thread_jordan_vs_algeria_fifa_world_cup/,:n_ball: Match Thread,False,2026-06-23T02:30:08+00:00,2026-06-22T22:30:08-04:00,# FT: Jordan 1 - 2 Algeria  ---  *Desktop note: best viewed on [old.reddit](https://old.reddit.com/r/soccer/comments/1ud4odh/match_thread_jordan_vs_algeria_fifa_world_cup/).*  | Info | Details | | ---
1uchdzg,[WC2026 Day 11] All Goals with Scoring Nation Commentary,HOPSCROTCH,1808,0.99,80,https://v.redd.it/umalrkouzs8h1,https://reddit.com/r/soccer/comments/1uchdzg/wc2026_day_11_all_goals_with_scoring_nation/,:n_media: Media,True,2026-06-22T10:57:00+00:00,2026-06-22T06:57:00-04:00,
1uco3s3,‘Absolutely love him’ – Wayne Rooney goes crazy for Barcelona star Lamine Yamal,ThalaPaglu100,750,0.91,57,https://sports.yahoo.com/articles/absolutely-love-him-wayne-rooney-150000777.html,https://reddit.com/r/soccer/comments/1uco3s3/absolutely_love_him_wayne_rooney_goes_crazy_for/,:n_quotes: Quotes,False,2026-06-22T15:41:43+00:00,2026-06-22T11:41:43-04:00,
1ucb3h3,[Reuters] Iran leave note of thanks in LA locker room after draw with Belgium,Chazyn,5635,0.97,439,https://www.reuters.com/sports/soccer/iran-leave-note-thanks-la-locker-room-after-draw-with-belgium-2026-06-22/,https://reddit.com/r/soccer/comments/1ucb3h3/reuters_iran_leave_note_of_thanks_in_la_locker/,:n_paper: News,False,2026-06-22T04:50:16+00:00,2026-06-22T00:50:16-04:00,
1ucps6c,[Tom Collomosse] Aston Villa are determined to ignore all interest in Morgan Rogers unless they receive offers well above £100m,Infernode5,589,0.95,416,https://www.dailymail.com/sport/football/article-15919091/Aston-Villa-transfer-briefing-Unai-Emery-Morgan-Rogers-Arsenal.html,https://reddit.com/r/soccer/comments/1ucps6c/tom_collomosse_aston_villa_are_determined_to/,:n_transfer: Transfer News,False,2026-06-22T16:41:53+00:00,2026-06-22T12:41:53-04:00,
1ud5r69,. Mahrez big chance against Jordan 20',Gentle_lips,76,0.94,31,https://streamain.com/SVabOe38eLGF7D7/watch,https://reddit.com/r/soccer/comments/1ud5r69/mahrez_big_chance_against_jordan_20/,:n_media: Match Clip,False,2026-06-23T03:21:20+00:00,2026-06-22T23:21:20-04:00,
1ucgu3v,A larger World Cup had some worrying the competition would suffer. It hasn't,zsreport,1732,0.86,774,https://www.npr.org/2026/06/22/nx-s1-5865746/2026-world-cup-fifa-week-two,https://reddit.com/r/soccer/comments/1ucgu3v/a_larger_world_cup_had_some_worrying_the/,:n_paper: News,False,2026-06-22T10:26:36+00:00,2026-06-22T06:26:36-04:00,
1ucrfzb,Stefan Posch (Austria) yellow card against Argentina 41',West_Agent4651,447,0.95,200,https://streamff.pro/v/5bee547b,https://reddit.com/r/soccer/comments/1ucrfzb/stefan_posch_austria_yellow_card_against/,:n_media: Match Clip,False,2026-06-22T17:42:34+00:00,2026-06-22T13:42:34-04:00,
1uc8z1w,"Egypt's 3-1 win over New Zealand is their first-ever victory at a FIFA World Cup, 92 years on since their first match at the tournament in 1934.",OptimusCloyster,7351,0.99,256,https://www.fifa.com/en/match-centre/match/17/285023/289273/400021480,https://reddit.com/r/soccer/comments/1uc8z1w/egypts_31_win_over_new_zealand_is_their_firstever/,:n_official: Official Source,False,2026-06-22T03:00:48+00:00,2026-06-21T23:00:48-04:00,
1ucwi7z,Shelbourne 0 - [1] Bohemians - Harry Vaughan 1' [Great Goal],fedupofbrick,256,0.97,23,https://v.redd.it/clrof7lybw8h1,https://reddit.com/r/soccer/comments/1ucwi7z/shelbourne_0_1_bohemians_harry_vaughan_1_great/,:n_goal: Goal Clip,True,2026-06-22T20:47:03+00:00,2026-06-22T16:47:03-04:00,
