text,label,notes
"Match Thread: England vs Ghana | FIFA World Cup 2026 | Group Stage, Group L | # 45'+7': England 0 - 0 Ghana  ---  *Desktop note: best viewed on [old.reddit](https://old.reddit.com/r/soccer/comments/1udqzm5/match_thread_england_vs_ghana_fifa_world_cup_2026/).*  | Info | Details",Match Analysis,
"Daily Discussion | # Welcome to the [r/soccer](https://old.reddit.com/r/soccer) Daily Discussion!  # If you're new to the subreddit, remember to get your team badge [here](https://www.reddit.com/r/soccer/wiki/flair/) an",Fan Interactions,
Cristiano Ronaldo shouts at camera “IM BACK” after post game,Match Analysis,
Portugal [1] - 0 Uzbekistan - Cristiano Ronaldo goal 6',Match Analysis,
Portugal [3] - 0 Uzbekistan - Cristiano Ronaldo 39',Match Analysis,
"Cristiano Ronaldo becomes the first player to score a goal in six different FIFA World Cup editions (2006, 2010, 2014, 2018, 2022 & 2026).",Match Analysis,originally 'Stats' — recategorized
Portugal [2] - 0 Uzbekistan - Nuno Mendes 17',Match Analysis,
"[RMC Sport]: Didier Deschamps has departed from the French squad in the US after the FFF announced his mother's death, missing the 26 June 2026 World Cup Group I match against Norway in Boston.",Soccer News,
[ESPN FC] The longest time EVER between a player's first and latest World Cup goal: Ronaldo: 20 years and 11 days; Messi: 20 years and 11 days.,Match Analysis,originally 'Stats' — recategorized
"Cristiano Ronaldo becomes Portugal's all-time leading goalscorer in FIFA World Cup history, scoring his 10th World Cup goal (24 games) surpassing Eusébio's record of 9 (6 games).",Match Analysis,originally 'Stats' — recategorized
Djed Spence avoids shaking Thomas Partey’s hand | Man of principles,Match Analysis,originally 'Media' — recategorized
Khusanov in tears after 5-0 defeat to Portugal,Soccer News,
[The Times] Fifa wants to change the rules on penalty shoot-outs before the knockout rounds start at this World Cup so that a team either choose to take the first spot kick or to do it in front of their own fans,Soccer News,
French NT making a young mascot's day,Fan Interactions, 
Uzbekistan disallowed goal against Portugal 30',Match Analysis,
"As requested, the full clip of Iraqi and French NT making a mascot's day",Fan Interactions,originally 'Media' — recategorized
A high angle view of the Norway fan Viking row during their match against Senegal,Match Analysis,
Portugal [5] - 0 Uzbekistan - Rafael Leão 87',Match Analysis,
"Jordan left traditional sweets, a thank-you note and the facility spotless after their game against Algeria. Despite losing a heartbreaker, they’re making sure to leave an impact in their first-ever World Cup (via @fifa)",Fan Interactions,originally 'Media' — recategorized
[TBS News] Luka Modric set to become only the fourth man to reach 200 caps,Soccer News,
Loud boos in the match between England and Ghana as the referee blows for the first hydration break,Match Analysis,
Cristiano Ronaldo chance against Uzbekistan 45+6',Match Analysis,
Kid wearing a mashup of various kits from teams Cristiano Ronaldo has played for celebrates the ultimately disallowed Uzbekistan goal,Match Analysis,
Portugal [4] - 0 Uzbekistan - Abdukodir Khusanov (own goal) 60‎'‎,Match Analysis,
"[Sky Sports] Real Madrid will activate their buy-back clause for Nico Paz at €10M in the next few days. After that, the club values him at €60M.",Soccer News,
"22 years and 183 days: Cristiano Ronaldo and Bekhrouz Karimov broke the World Cup record for biggest age difference between 2 rival players. Roger Milla and Beschastnykh (21y, 321d) were holding this record since 1994.",Soccer News,
Cristiano Ronaldo chance against Uzbekistan 90+5',Match Analysis,
Norway players and fans doing Viking Row,Soccer News,
"After scoring twice against Uzbekistan, Ronaldo shuts down a reporter's question about Messi's recent two-goal performance",Fan Interactions,originally 'Media' — recategorized
"[diarioas] Enzo Fernández is the chosen one for the midfield. Real Madrid has decided in recent hours to pursue the Argentine. Futhermore, the deal for Mateus Fernández has been ruled out because the 21-year-old prefers to go to Tottenham.",Soccer News,
[WC2026 Day 12] All Goals with Scoring Nation Commentary,Fan Interactions,originally 'Media' — recategorized
"[Metropoles] Cucurella's wife reports death threat after the player goes to Real Madrid. Several rival fans, especially from Barcelona, who considered the transaction as betrayal, criticized the player's departure to Real. The player was trained and made his professional debut in the Catalan club.",Soccer News,
Abduvakhid Nematov save against Portugal 57',Match Analysis,
"[Fabrizio Romano] Endrick: “Ancelotti won’t do what’s best for Endrick, he won’t do what’s best for the fans... he’ll do what’s best for the team.”",Fan Interactions,originally 'Quotes' — recategorized
"[Mundo Deportivo] Atlético Madrid could choose to leave Julián Alvarez on the bench for the entire season if he continues to insist on a move. There would be no legal violation unless Alvarez was also excluded from training. | In the case of staying as red and white, **Atlético de Madrid** could choose not to line him up for the entire season. And it will be endorsed for it from a regulatory point of view. First for the **L",Soccer News,
"US eases restriction on Iran’s World Cup team, allowing travel 2 days before next match",Soccer News,
Messi’s touch in slow motion for his second goal,Match Analysis,
[LaVanguardia] Agreement on a 5-year contract between Barcelona and Julian Alvarez.,Soccer News,
"137 - There have been 137 goals scored in this year's FIFA World Cup (45 games), now the most ever in the group stages of a single edition of the finals, overtaking the 136 scored in 2014 (48 games).",Match Analysis,originally 'Stats' — recategorized
"Erling Haaland: ""I couldn't care too much about playing [France]. ... They're probably going to win against us, they're probably going to win the whole tournament.""",Match Analysis,originally 'Media' — recategorized
Bruno's pass to leao against Uzbekistan,Match Analysis,originally 'Media' — recategorized
"The Norwegian fans marched up to The Royal Palace in the middle of the night, chanting, ""We’re going to wake the King up!"" | Yes sunrise is before 4 AM and sunset  after 10PM during this time of year in Norway",Fan Interactions,originally 'Media' — recategorized
Abduvakhid Nematov save against Portugal 74',Match Analysis,
"[BBC] With the 2-1 loss to Algeria, Jordan are officially eliminated from the World Cup",Soccer News,originally 'Stats' — recategorized
"[BBC] following the 3-2 win over Senegal, Norway confirm their place in the knockouts for the first time since 1998",Soccer News,originally 'Stats' — recategorized
"A Ligue 2 player had an accident when swimming in the Rhône and is brain dead | (Video is French, here is rough English translation)  A young second-division soccer player was pulled from the Rhône River in critical condition after drowning late Monday afternoon in a no-swimming",Soccer News,
"21-year-old Kenzo Kies has been identified as the Ligue 2 player who suffered brain death. Kies was a Lyon and St-Etienne academy product and currently plays for Guingamp. | The accident occurred when Kies and some friends went swimming in an area of the Rhône that has strong currents and often forms whirlpools. While Kies‘ friends were able to escape, Kies did not and wa",Soccer News,
"Post Match Thread: Portugal 5 - 0 Uzbekistan | FIFA World Cup 2026 | Group Stage, Group K | # FT: Portugal 5 - 0 Uzbekistan  ---  *Desktop note: best viewed on [old.reddit](https://old.reddit.com/r/soccer/comments/1udm0oo/match_thread_portugal_vs_uzbekistan_fifa_world/).*  | Info | Details |",Match Analysis,
Every World Cup Goal so far | Here's a graph of all 134 goals scored in the World Cup so far.  Excited to see how it looks by the end of the tournament!,Match Analysis,originally 'OC' — recategorized
[OptaAnalyst] Jude Bellingham Becomes Youngest England Player to Reach 50 Caps,Match Analysis,originally 'Stats' — recategorized
World Cup 2026: Donald Trump to attend World Cup final and present winner | Sorry everybody,Soccer News,low upvote ratio — potentially controversial
"Zlatan Ibrahimović on Messi's World Cup: “Five goals in 2 games...I have zero goals in two World Cups, so, I'm happy for him and I hope he continues, his birthday is in a couple of days so let him enjoy, because we're all enjoying him by seeing him play so, amazing, just amazing, no words.""",Fan Interactions,originally 'Media' — recategorized
[Carlos Monfort] Barça are preparing a 130m bid for Julian Alvarez. The bid wont be imminent and they believe Julian’s stance will help them to negotiate.,Soccer News,
Official Announcement: Felicia Schröder [joins Real Madrid on a world record transfer],Soccer News,
[FIFA] Teams qualified for FIFAWC RO32,Soccer News,originally 'Stats' — recategorized
Egypt's Mo Salah singing and dancing in the streets of Vancouver with fans and fellow teammates.,Fan Interactions,originally 'Media' — recategorized
[CIES] OLDEST OUTFIELD PLAYERS LINED-UP FIFA WORLD CUP 2026,Match Analysis,originally 'Stats' — recategorized
Fulham finalising deal to appoint Alvaro Arbeloa as head coach on three-year deal,Soccer News,
Oxford United Appoint Aaron Ramsey as Head Coach,Soccer News,
[David Ornstein] Arsenal now in club-to-club contact with Leicester City over deal for Jeremy Monga. No agreement yet but direct talks; all sides handling respectfully due to 16yo age. Many keen but only wanted AFC; plan to pay fair fee & avoid tribunal.,Soccer News,
Norway [3] - 1 Senegal - E. Haaland 58',Match Analysis,
"Match Thread: Portugal vs Uzbekistan | FIFA World Cup 2026 | Group Stage, Group K | # FT: Portugal 5 - 0 Uzbekistan  ---  *Desktop note: best viewed on [old.reddit](https://old.reddit.com/r/soccer/comments/1udm0oo/match_thread_portugal_vs_uzbekistan_fifa_world/).*  | Info | Details |",Match Analysis,
Chelsea pursuit of Marco Palestra advancing at rapid pace. Agreement with Atalanta for 21yo wing-back expected inside 24hr. Italy int’l heavily leaning towards #CFC / Alonso project if deal struck between clubs + would fit wage structure,Soccer News,
"Atleti CEO Gil Marin: I deeply regret Julián's words. It was not the day to make those statements. It was Messi’s day and Argentina’s day, not his. | The **Atlético de Madrid** he wanted to come forward regarding the situation caused by the statements of **Julian Alvarez** in which “requested a transfer” to fulfill his land and his CEO, **Miguel Án",Soccer News,
[ESPN] Aston Villa offers €9 million for Flamengo's Emerson Royal,Soccer News,
Argentina [2] - 0 Austria - Lionel Messi 90+4',Match Analysis,
20 year old Den bosch player Wang Bohao donated 450 thousand RMB (66 thousand USD) to support Youth development in China,Fan Interactions,originally 'Media' — recategorized
[Marca] Atletico Madrid statement: “There is no amount of money for which Barça can buy Julián Álvarez. Either they pay the release clause for €500m or there is no deal.”,Soccer News,
"Vitinha completed 121 passes against DR Congo

The most by any player featuring for under 90 minutes in a World Cup game since records began in 1966.",Match Analysis,originally 'Stats' — recategorized
"(Süddeutsche) Miroslav Klose on Lionel Messi breaking his World Cup scoring record: ""I've always said that Messi isn't half bad. For me, he's the best footballer of all time. Congrats, champion!""",Soccer News,
Argentina fan in the stands today,Fan Interactions,originally 'Media' — recategorized
"An economist predicted that the winner of Sunday‘s match Algeria - Austria will very likely face favorite Spain, while the loser has the chance to play against a lower-ranked team depending on 3rd place standings — This makes losing this game potentially more beneficial for advancing. | Spain is currently expected to top Group H unless Uruguay is able to clench a surprise victory. The winner of this group will face the 2nd team in Group J.  In Group J, Algeria and Austria cannot win",Fan Interactions,
France [1] - 0 Iraq - K. Mbappé 14',Match Analysis,
[FC Barcelona] Agreement for the transfer of the 27-year-old goalkeeper Iñaki Peña to Panathinaikos FC,Soccer News,
Argentina [1] - 0 Austria - L. Messi 38',Match Analysis,
Norway [2] - 0 Senegal - E. Haaland 48',Match Analysis,
"Julián Álvarez: “This isn’t the time to talk about this, but I can’t hide either; I try to be an honest person. I spoke with the people at Atlético Madrid, and I think the best thing for everyone is a transfer. I want to fulfill my dream.”",Soccer News,
France [2] - 0 Iraq - K. Mbappé 54',Match Analysis,
Norway fans doing Viking Row against Senegal 85',Match Analysis,
SS Lazio appoint Gennaro Gattuso as team manager,Soccer News,
[Ornstein] Inter Milan face competition from Chelsea for Atalanta’s Marco Palestra,Soccer News,
"Lionel Messi becomes the all time leading goalscorer in FIFA World Cup history (17), surpassing his joint record with Miroslav Klose of 16 goals. | &#x200B;  [Source](https://www.transfermarkt.com/weltmeisterschaft/ewigetorschuetzenliste/pokalwettbewerb/FIWC)",Match Analysis,originally 'Stats' — recategorized
France Vs Iraq match suspended due to inclement weather,Soccer News,
"[Mike Keegan] Spurs are surprisingly aggressive this summer in spending, which is surprising other clubs, not just Man Utd. They're already at the higher end of what Utd want to pay for Mateus Fernandes. There is still belief he wants to come to Utd, but it'll be a case of who offers him more money | Also: **""No one at Man United knows where the reports of Lewis Hall being unhappy come from, they're not interested in signing the player as it stands. There's ""bafflement"" at the reports.""**",Fan Interactions,originally 'Media' — recategorized
Comunicado Oficial : Real Madrid win their legal battle against La Liga. La Liga unlawfully excluded Madrid from TV rights management meetings in 2022.,Soccer News,
"World Cup 2026: Messi, Mbappe, Haaland and Kane in Golden Boot race for the ages - who will win?",Fan Interactions,
[Sofascore] Lukaku's World Cup form since last goal,Match Analysis,originally 'Stats' — recategorized
Peter Schmeichel says Messi's goal shouldn't have stood because of a foul in the build up of the goal,Fan Interactions,originally 'Media' — recategorized
"[AS] Atlético Madrid will report Barcelona over Julián: “Everyone knows it's a cheating club, and they've come it again here” | Atlético Madrid will sue Barcelona over Julián: “Everyone knows it’s a cheating club, and they’ve proven it again here.”  Atlético Madrid has taken a firm stance against the Argentine player's comment",Soccer News,
"[Bild+] FC Bayern are interested in Felix Nmecha. Especially Max Eberl, who already had some loose talks with his agent, is a big fan. A summer transfer is unlikely though. Nmecha has a €80m release clause in his contract starting in 2027 and doesn't rule out a transfer, even this summer.",Soccer News,
Lionel Messi penalty miss against Austria 8',Match Analysis,
"[OC] Three players have scored 2 or more goals in back-to-back games at the 2026 World Cup so far: Messi, Mbappe and Haaland. The only other World Cup to ever produce three was 1958.",Match Analysis,originally 'OC' — recategorized
France against Iraq will resume at 00:00 UTC and FIFA has confirmed that there will be no hydration breaks for the rest of the match,Soccer News,
"[VI] Ajax and AS Monaco have reached agreement about transfer fee of Caio Henrique (~€10m), but personal agreement with the player is far out of reach so far",Soccer News,
BBC's 3D first person simulation of Messi's record breaking goal vs Austria.,Match Analysis,
"[Ipswich Town] Club is delighted to confirm the appointment of Gary O’Neil as Manager, signing a three-year deal to the summer of 2029.",Soccer News,
Thiago Silva returns to the Fluminense Football Club,Soccer News,
[Football Italia] Ashley Cole expected to leave Cesena 8 games into Serie B career,Soccer News,
Newcastle United announces three-year front-of-shirt partnership with Knox Hydrate,Soccer News,
[OL] Agreement reached for the takeover of Olympique Lyonnais by Michele Kang,Soccer News,
"[FC Barcelona] Hamza Abdelkarim, blaugrana until 2029",Soccer News,
Didier Deschamps has now matched Helmut Schön’s record for most World Cup wins as a coach (16) after France’s victory against Iraq yesterday. | Deschamps has led France to 16 wins in his 21 World Cup matches.      Helmut Schön reached 16 wins in 25 matches while coaching West Germany between 1966 and 1978.      Deschamps has already said he w,Match Analysis,originally 'Stats' — recategorized
France [3] - 0 Iraq - Ousmane Dembele 66‎'‎,Match Analysis,
Jordan 1-0 Algeria -Al Rashdan 36',Match Analysis,
"[VI] Mike van der Hoorn continues his career on Cyprus with AEK Larnaca, where he will sign for 2 years. He leaves FC Utrecht on a free transfer after his contract runs out",Soccer News,low score — low visibility
"[The Athletic] Lionel Messi — improbably, still as good as ever | It may sound strange given he is considered the greatest player of all time, but as this summer’s World Cup drew closer, Lionel Messi felt the need to prove to himself that he could still make the dif",Fan Interactions,
Haaland hits the post against Senegal 45+4',Match Analysis,
Jeremy Doku became a father: Red Devil was given the green light before the match against Iran to travel to London to witness the birth of his first child,Soccer News,
Norway has invaded Times Square,Fan Interactions,originally 'Media' — recategorized
Norway 3-[2] Senegal - Ismaïla Sarr 90+3',Match Analysis,
[Official] Spanish team Real Club Deportivo de La Coruña changes its name to Real Club Deportivo de A Coruña,Soccer News,
"Per FIFA Media, Thursday’s Mexico–South Korea match averaged 25.5 million viewers in Mexico, the most-watched World Cup broadcast of the 21st century in the country, surpassing the record set by Mexico’s opening match vs South Africa.",Soccer News,
"""Ale was born in Italy, but he did all his life in Australia, so he's Aussie. He's been having the mullet for the last six or seven years"" - Alessandro Circati's father (Gianfranco) on his son choosing to play for Australia instead of Italy | ""...so, I'm not very happy with that! But, again, It doesn't matter where you were born, it where you were raised, how you're were raised. So, I don't agree with people say, if you don't born in, if y",Fan Interactions,originally 'Media' — recategorized
"A severe thunderstorm delays the France-Iraq match. There must be no further lightning strikes detected within the eight-mile radius for a full 30 minutes before play is permitted to resume. If there is another strike, the clock resets to 30 minutes.",Soccer News,
A major howler by the Novorizontino keeper for the Ponte Preta goal during today's match in the Brazilian second division (Serie B),Match Analysis,
Kylian Mbappé showing the staff where the pitch is flooded,Match Analysis,originally 'Media' — recategorized
(Obscure) World Cup Stats by MisterChip | MisterChip:  We are still waiting for a goal by a player with shirt number 5 into the correct goal. All others except 1 (which is assigned to goalkeepers) have already scored a goal in this World Cup.,Match Analysis,originally 'Stats' — recategorized
[Crystal Palace] Demolition of the six houses in Wooderson Close has begun ahead of the new Main Stand redevelopment at Selhurst Park,Fan Interactions,originally 'Media' — recategorized
World Cup 2026 Group J Outcome Table,Match Analysis,originally 'OC' — recategorized
Memo Ochoa to start for Mexico in World Cup clash against Czech Republic,Soccer News,
[BBC] From non-league to the World Cup - the Semenyo story,Soccer News,
Jordan 1-[2] Algeria- Amine Gouiri 82',Match Analysis,
L’Équipe apologises to Belgian footballer Jérémy Doku for presenter’s comments,Soccer News,
Motor Lublin sign Mihai Popa from CFR Cluj,Soccer News,low score — low visibility
Norway 1-0 Senegal - Marcus Pedersen 43',Match Analysis,
Norway 2 - [1] Senegal - I. Sarr 53',Match Analysis,
"The President of Turkish Football Federation has called on the Justice Minister to imprison those who criticize the national team. | First of all, this post is serious, I'm not trolling  TFF President Hacıosmanoğlu addressed Justice Minister Akın Gürlek:  ""I would like to address our Justice Minister, whom I greatly respect and val",Soccer News,
Ghanaian witch doctor who 'nobbled' Cristiano Ronaldo says he's 'cursed' Harry Kane.,Soccer News,
[OptaAnalyst] Lionel Messi has taken (7) and missed (3) the most Penalties in World Cup history.,Match Analysis,originally 'Stats' — recategorized
"Rade Bogdanović: ""I sincerely apologise for my statement about Black footballers""",Soccer News,
[Official] Belgian U21 international Nikolas Verkooijen signs with SV Darmstadt after his contract with PSV ended,Soccer News,low score — low visibility
"Messi: “Obviously I am happy with the win. It was a hard win. We knew it was going to be intense, that we could not drop off. Happy with the result and the qualification. It was important.”",Fan Interactions,originally 'Quotes' — recategorized
Senegal penalty shout against Norway 74',Match Analysis,
World Cup 2026 Group I Outcome Chart,Match Analysis,originally 'OC' — recategorized
"FIFA Fan Festival Atlanta welcomes the most fans of any US host city, organizers say",Soccer News,
"Post Match Thread: Norway 3 - 2 Senegal | FIFA World Cup 2026 | Group Stage, Group I | # FT: Norway 3 - 2 Senegal  ---  *Desktop note: best viewed on [old.reddit](https://old.reddit.com/r/soccer/comments/1ud0nks/match_thread_norway_vs_senegal_fifa_world_cup/).*  | Info | Details | | ---",Match Analysis,
State of the pitch in Philadelphia after the delay,Match Analysis,originally 'Media' — recategorized
France penalty shout against Iraq 80',Match Analysis,
David Squires on … the big names putting on a show at World Cup,Fan Interactions,originally 'Media' — recategorized
Argentinian fans spot an Austrian fan and immediately adopt him,Fan Interactions,originally 'Media' — recategorized
Algeria 2nd goal VAR Onside decision,Match Analysis,originally 'Media' — recategorized
Aurelien Guernier completes move to AC Milan,Soccer News,low score — low visibility
"Jordan vs Algeria in the 2026 FIFA World Cup is the first time an all-Arab fixture in the World Cup does not feature Saudi Arabia. In three previous all-Arab meetings, Saudi Arabia has, surprisingly, been unbeaten so far",Match Analysis,originally 'Stats' — recategorized
Michael Olise chip hits the crossbar 58' [France vs Iraq 2026 World Cup],Match Analysis,
"4.9 millions viewers on M6 (FTA broadcaster in France) during France vs Irak | Kick-off at 11pm France time.  About 9 million during the first half-time. After the 2-hour storm half-time, 3 million stayed to watch the second half. The other French broadcaster, BeIN Sports (pay-T",Soccer News,
Conte challenges Mancini for Italy coaching job,Soccer News,
[FIXED] Which national team has to fly the most to their games?,Match Analysis,originally 'OC' — recategorized
Algeria's 2nd goal is deemed onside by video review. ALG [2] - 1 JOR,Match Analysis,
Comunicado Oficial: operación CVC | Real Madrid CF announces that the Provincial Court of Madrid has rejected the appeal filed jointly by Real Madrid CF and Athletic Club against the agreements approved by LaLiga in relation to the so-c,Soccer News,
Iconic Brazilian football commentator Galvão Bueno has been awarded the title of the TV commentator who has called the most live FIFA World Cup matches in television history. He has covered 148 matches across 14 World Cups,Fan Interactions,originally 'Media' — recategorized
OFFICIAL: RB Salzburg sign Kevin Boma for 7 million euros,Soccer News,
Edouard Mendy save against Norway 37',Match Analysis,
Uruguayan couple gets engaged during Uruguay vs Cape Verde. Seconds later Cape Verde score the equalizer,Match Analysis,
"Malago's new vision for Italy: Conte to become head coach, Maldini to be appointed sporting director",Soccer News,
Jordan 1 - [1] Algeria - Nadir Benbouali  69',Match Analysis,
Óscar Garcia is the new Pogoń Szczecin head coach,Soccer News,
"Post Match Thread: Argentina 2 - 0 Austria | FIFA World Cup 2026 | Group Stage, Group J | # FT: Argentina 2 - 0 Austria  ---  *Desktop note: best viewed on [old.reddit](https://old.reddit.com/r/soccer/comments/1ucpgau/match_thread_argentina_vs_austria_fifa_world_cup/).*  | Info | Details |",Match Analysis,
Scottish fans friendly USA invasion exemplifies the joy of the World Cup | Philipp Lahm,Fan Interactions,
[The Athletic] Atletico’s Julian Alvarez confirms he wants a transfer: ‘I want to fulfill my dream’,Soccer News,
"Mbappé gets nutmegged, then instantly nutmegs Merchas Doski back",Match Analysis,originally 'Media' — recategorized
Refcam angle of Lionel Messi's first goal against Austria,Match Analysis,
Pogoń Szczecin sign Jean-Pierre Nsame (recently Legia Warszawa),Soccer News,low score — low visibility
"[Sports Illustrated] famous DR Congo fan Lumumba Vea has arrived to Mexico, just in time for his country's match v Colombia tomorrow.",Soccer News,
Germany's Nico Schlotterbeck is out of the World Cup due to foot injury,Soccer News,
"Carlos ""Bocha"" Houriet from Cadena 3 Argentina reacts to the first goal of Messi for Argentina 1 - Austria 0",Fan Interactions,originally 'Media' — recategorized
"Post Match Thread: Jordan 1 - 2 Algeria | FIFA World Cup 2026 | Group Stage, Group J | # FT: Jordan 1 - 2 Algeria  ---  *Desktop note: best viewed on [old.reddit](https://old.reddit.com/r/soccer/comments/1ud4odh/match_thread_jordan_vs_algeria_fifa_world_cup/).*  | Info | Details | | ---",Match Analysis,
[COPE]: Atlético Madrid want to sell Julián Álvarez to Arsenal in a deal involving a transfer fee plus Viktor Gyökeres.,Soccer News,
[GE] Thiago Silva back to Fluminense. DONE DEAL,Soccer News,
Cape Verde celebrates well into the early morning after their draw against Uruguay | credit to COPA90 for the coverage,Fan Interactions,originally 'Media' — recategorized
"Kylian Mbappé makes his 100th cap for France, the tenth man to do so. He will soon surpass his manager, Didier Deschamps, who has 103 caps.",Match Analysis,originally 'Stats' — recategorized
The players are returning to the field to warm up and the match between France and Iraq will resume in about 20 minutes after being suspended due to the weather,Match Analysis,originally 'Media' — recategorized
"[Bundesliga] Official launch of the Talent Series: New U21 competition kicks off with 11 Bundesliga and 15 2. Bundesliga Clubs | >With the Bundesliga Talent Series, German professional football is introducing a new competition for its top talents starting from the 2026/27 season. Following the unanimous decision of the DFL Gene",Soccer News,
"[Di Marzio] City-Chelsea deal: A verbal agreement has been reached between City & Chelsea regarding the termination of Maresca's contract. In the next few hours, Maresca will travel to Manchester to sign a three-year contract. The agreement between the clubs, is estimated to be around €20 million.",Soccer News,
Universidad de Chile coach Gago discharged after heart attack,Soccer News,
Fans told not to travel to France-Iraq game due to bad weather,Soccer News,
Two-hour storm break fails to stop France as Mbappé and Dembélé prove too good for Iraq | World Cup 2026 | The Guardian,Soccer News,
Arabic commentary of Messi's historic 17th goal in the world cup,Match Analysis,
"Mbappé: ""My thoughts on hydration breaks? Don't ask us players for our opinion, we're very reactionary. | If tomorrow we're dominating at the 25th minute, and there's a hydration break, we'll be angry, because it breaks our rhythm, but if the weather is hot, or we're being dominated, I'll be happy.""",Fan Interactions,originally 'Quotes' — recategorized
Piast Gliwice sign Domen Gril (recently Académico de Viseu),Soccer News,low score — low visibility
"Weather could also Threaten New Jersey later tonight for Norway-Senegal after it has impacted France-Iraq in Philadelphia | ""Fans faced on-and-off rainfall heading to East Rutherford for the Norway–Senegal match, with a kickoff scheduled for 8:00 pm Eastern. For fans riding the $98 NJ Transit train to the stadium, the powe",Soccer News,
‘ I scored goals with Cristiano Ronaldo at 15. Even then his mindset and will to win was extraordinary ’,Fan Interactions,low upvote ratio — potentially controversial
"[The Athletic, in the article] Personal terms between United and Fernandes are not expected to be an issue. Yet even if Old Trafford is a player’s preference, competition for their signature can have the obvious consequence of driving up and fixing their price",Soccer News,
Thomas Tuchel urges England to improve defence against Ghana after ‘ Wake up call ’,Fan Interactions,originally 'Quotes' — recategorized
"Post Match Thread: France 3 - 0 Iraq | FIFA World Cup 2026 | Group Stage, Group I | # FT: France 3 - 0 Iraq  ---  *Desktop note: best viewed on [old.reddit](https://old.reddit.com/r/soccer/comments/1ucw1ns/match_thread_france_vs_iraq_fifa_world_cup_2026/).*  | Info | Details | | ---",Match Analysis,
"Instagram sued over illegal gambling ads featuring Virgil Van Dijk, Ronaldo",Soccer News,
"Viewership revised downward for Telemundo World Cup matches by 25-29%, FOX's numbers not impacted",Soccer News,
Sean Dyche uploads a video on instagram of the team for England v Ghana he would pick if he was England manager,Fan Interactions,originally 'Media' — recategorized
"Match Thread: Norway vs Senegal | FIFA World Cup 2026 | Group Stage, Group I | # FT: Norway 3 - 2 Senegal  ---  *Desktop note: best viewed on [old.reddit](https://old.reddit.com/r/soccer/comments/1ud0nks/match_thread_norway_vs_senegal_fifa_world_cup/).*  | Info | Details | | ---",Match Analysis,
"Serbian TV pundit Rade Bogdanović: ""Black players don't have the concentration to last more than 60 to 80 minutes""",Soccer News,
"United secures land for new 100,000-seater stadium",Soccer News,
"Match Thread: Jordan vs Algeria | FIFA World Cup 2026 | Group Stage, Group J | # FT: Jordan 1 - 2 Algeria  ---  *Desktop note: best viewed on [old.reddit](https://old.reddit.com/r/soccer/comments/1ud4odh/match_thread_jordan_vs_algeria_fifa_world_cup/).*  | Info | Details | | ---",Match Analysis,
[WC2026 Day 11] All Goals with Scoring Nation Commentary,Fan Interactions,originally 'Media' — recategorized
‘Absolutely love him’ – Wayne Rooney goes crazy for Barcelona star Lamine Yamal,Fan Interactions,originally 'Quotes' — recategorized
[Reuters] Iran leave note of thanks in LA locker room after draw with Belgium,Soccer News,
[Tom Collomosse] Aston Villa are determined to ignore all interest in Morgan Rogers unless they receive offers well above £100m,Soccer News,
. Mahrez big chance against Jordan 20',Match Analysis,
A larger World Cup had some worrying the competition would suffer. It hasn't,Soccer News,
Stefan Posch (Austria) yellow card against Argentina 41',Match Analysis,
"Egypt's 3-1 win over New Zealand is their first-ever victory at a FIFA World Cup, 92 years on since their first match at the tournament in 1934.",Soccer News,
Shelbourne 0 - [1] Bohemians - Harry Vaughan 1' [Great Goal],Match Analysis,